ONS Code,Region/Local Authority,Poor or defective road surface ,"Deposit on road (eg. oil, mud, chippings)",Slippery road (due to weather),Inadequate or masked signs or road markings,Defective traffic signals,"Traffic calming (eg. road humps, chicane)",Temporary road layout (eg. contraflow),"Road layout (eg. bend, hill, narrow road)",Animal or object in carriageway ,Slippery inspection cover or road marking,"Tyres illegal, defective or under inflated",Defective lights or indicators,Defective brakes,Defective steering or suspension,Defective or missing mirrors,Overloaded or poorly loaded vehicle or trailer,Disobeyed automatic traffic signal,Disobeyed 'Give Way' or 'Stop' sign or markings,Disobeyed double white lines,Disobeyed pedestrian crossing facility,Illegal turn or direction of travel,Exceeding speed limit,Travelling too fast for conditions,Following too close,Vehicle travelling along pavement,Cyclist entering road from pavement,Junction overshoot,Junction restart (moving off at junction),Poor turn or manoeuvre,Failed to signal or misleading signal,Driver/Rider failed to look properly,Driver/Rider failed to judge other person’s path or speed,"Too close to cyclist, horse rider or pedestrian",Sudden braking,Swerved,Loss of control,Driver/Rider impaired by alcohol,Driver/Rider impaired by drugs (illicit or medicinal),Fatigue,"Uncorrected, defective eyesight","Driver/Rider illness or disability, mental or physical",Not displaying lights at night or in poor visibility,Rider wearing dark clothing,Driver using mobile phone,Distraction in vehicle,Distraction outside vehicle,Aggressive driving,"Driver/Rider careless, reckless or in a hurry","Driver/Rider nervous, uncertain or panic",Driving too slow for conditions or slow veh (eg tractor),Learner or inexperienced driver/rider,Inexperience of driving on the left,Unfamiliar with model of vehicle,Stationary or parked vehicle(s),Vegetation,"Road layout (eg. bend, winding road, hill crest)","Buildings, road signs, street furniture",Dazzling headlights,Dazzling sun,"Rain, sleet, snow, or fog",Spray from other vehicles,"Visor or windscreen dirty, scratched or frosted etc.",Vehicle blind spot,Crossing road masked by stationary or parked vehicle,Pedestrian failed to look properly,Pedestrian failed to judge vehicle’s path or speed,Pedestrian wrong use of pedestrian crossing facility,Dangerous action in carriageway (eg. playing),Pedestrian impaired by alcohol,Pedestrian impaired by drugs (illicit or medicinal),"Pedestrian careless, reckless or in a hurry",Pedestrian wearing dark clothing at night,"Pedestrian disability or illness, mental or physical",Stolen vehicle,Vehicle in course of crime,Emergency vehicle on a call,Vehicle door opened or closed negligently,Other
E12000001,North East,22,58,290,23,4,6,16,69,31,1,23,4,30,16,1,6,50,90,13,12,22,192,238,222,9,40,120,69,527,74,1719,901,39,266,103,391,193,38,52,8,81,18,27,15,123,72,164,750,64,3,206,12,29,136,11,44,15,11,131,55,8,7,48,92,379,100,28,36,107,15,138,23,28,37,16,17,9,104
E06000047,County Durham,0,9,61,0,0,0,2,15,5,0,6,0,9,2,0,2,5,21,4,1,1,80,59,54,1,3,11,9,101,16,349,183,4,55,26,75,56,18,3,1,13,1,2,4,21,17,43,129,9,0,55,2,6,27,1,9,1,4,16,8,2,3,4,13,70,16,0,7,11,3,27,4,2,9,3,5,0,29
E06000005,Darlington,0,0,10,1,0,0,0,2,0,0,2,0,1,3,0,0,0,5,0,0,1,11,12,7,0,4,4,0,19,3,75,44,1,5,2,14,9,1,2,2,4,1,1,2,2,4,6,24,0,0,9,1,2,3,0,1,1,1,6,2,2,1,0,0,10,4,1,1,1,1,5,1,0,0,1,0,1,5
E08000037,Gateshead,1,6,28,2,0,0,3,3,1,0,4,0,5,1,0,1,9,4,0,0,4,15,23,31,2,3,19,6,57,11,154,90,3,33,5,34,15,5,3,1,5,1,0,0,13,4,14,79,9,0,22,0,3,12,1,4,1,1,11,2,1,1,8,10,37,12,2,7,10,2,9,1,2,4,4,1,1,6
E06000001,Hartlepool,1,1,4,2,0,0,0,0,1,1,0,0,0,1,0,0,3,2,0,1,0,7,2,8,0,0,2,1,17,0,49,37,1,5,4,10,5,0,3,0,0,1,1,0,5,3,7,18,5,0,1,2,0,6,0,1,0,0,1,6,0,1,1,4,14,2,2,2,4,0,3,1,0,0,0,2,2,7
E06000002,Middlesbrough,1,1,16,2,1,1,1,4,1,0,1,1,1,0,0,0,2,5,0,1,1,3,14,11,0,5,4,2,27,2,98,56,3,15,6,13,6,1,0,0,2,2,4,3,4,6,12,41,3,0,11,0,1,13,1,3,2,1,9,3,0,0,3,6,33,9,2,2,8,1,19,3,1,2,1,2,0,7
E08000021,Newcastle upon Tyne,4,3,23,3,1,1,4,7,2,0,4,1,4,3,0,1,12,15,0,4,6,12,22,19,2,5,20,11,66,12,239,97,8,29,11,35,16,3,5,1,4,2,2,1,8,4,17,107,11,1,14,2,2,19,1,5,2,0,17,7,0,0,11,20,71,14,10,4,33,2,23,3,3,6,2,3,2,8
E08000022,North Tyneside,1,3,16,1,0,0,2,3,2,0,0,0,0,0,0,0,0,7,1,1,2,8,16,19,1,7,12,9,41,9,160,68,7,25,12,28,15,4,4,0,10,3,6,0,10,7,10,55,3,1,9,0,2,16,1,1,0,1,14,3,1,1,9,5,20,4,1,0,4,1,3,0,2,1,0,1,1,6
E06000057,Northumberland,9,21,59,8,0,0,1,20,14,0,1,0,2,5,0,1,4,8,2,0,2,13,34,21,1,2,22,13,83,6,208,103,4,37,20,91,19,2,14,2,17,5,3,1,19,4,15,106,9,0,33,4,7,8,1,11,3,3,19,15,0,0,3,9,25,7,0,1,7,1,5,2,6,2,1,2,1,14
E06000003,Redcar and Cleveland,0,2,9,2,1,1,0,5,1,0,1,2,4,0,0,0,3,6,3,1,1,8,9,2,0,3,6,4,22,2,55,29,0,5,1,15,12,1,5,0,5,1,2,0,2,3,11,25,2,0,11,0,1,3,1,3,0,0,3,4,1,0,2,1,8,2,0,3,7,1,6,2,1,5,0,0,0,3
E08000023,South Tyneside,0,1,11,0,1,2,0,0,0,0,1,0,1,0,0,1,1,3,1,1,1,12,14,14,0,2,7,7,20,2,82,49,2,9,1,14,13,1,3,0,5,1,3,1,10,5,5,37,4,0,7,0,0,8,1,2,2,0,5,0,0,0,2,3,15,6,4,1,4,0,4,1,3,2,1,0,0,4
E06000004,Stockton-on-Tees,0,7,10,1,0,0,1,4,0,0,1,0,2,0,0,0,6,8,1,2,2,7,13,10,2,3,4,2,25,4,91,61,1,17,3,11,8,0,6,0,4,0,3,1,6,3,9,42,4,0,11,0,2,6,1,2,1,0,3,0,0,0,2,5,28,8,4,3,5,1,16,0,2,3,0,0,0,9
E08000024,Sunderland,5,4,43,1,0,1,2,6,4,0,2,0,1,1,1,0,5,6,1,0,1,16,20,26,0,3,9,5,49,7,159,84,5,31,12,51,19,2,4,1,12,0,0,2,23,12,15,87,5,1,23,1,3,15,2,2,2,0,27,5,1,0,3,16,48,16,2,5,13,2,18,5,6,3,3,1,1,6
E12000002,North West,87,153,790,82,23,15,33,220,75,2,70,22,75,23,2,21,316,396,21,50,79,524,816,658,37,133,274,212,1795,215,5516,2749,206,614,360,1242,539,75,175,30,285,48,61,53,294,153,393,1554,154,6,457,25,94,410,33,130,38,37,306,226,24,17,165,353,1294,376,110,155,249,29,518,125,71,93,49,62,25,322
E06000008,Blackburn with Darwen,3,2,22,5,0,0,0,9,2,0,1,1,2,0,0,1,7,20,1,3,5,15,31,25,1,2,12,5,57,5,156,104,13,20,7,37,9,2,3,1,7,0,0,1,12,5,21,60,6,0,11,0,3,13,0,5,1,2,4,5,0,2,7,17,40,20,3,11,5,1,24,7,2,3,1,1,0,14
E06000009,Blackpool,1,4,21,5,2,0,2,3,3,0,1,0,3,0,1,0,18,21,0,2,2,9,23,28,0,5,7,8,62,8,195,95,6,20,7,35,16,1,4,4,10,3,3,0,13,11,11,58,10,0,18,0,4,10,0,2,1,3,7,8,1,0,3,16,50,16,3,7,18,0,18,4,0,3,1,2,1,18
E08000001,Bolton,1,0,13,0,1,1,0,0,1,0,2,0,1,1,0,1,14,7,0,1,3,23,14,13,0,6,5,6,56,3,171,87,2,12,7,21,20,3,1,0,9,3,2,4,7,4,14,46,1,0,15,2,2,19,3,0,2,1,15,5,1,0,12,15,59,17,7,6,13,1,27,6,5,4,1,4,1,13
E08000002,Bury,1,0,19,1,1,0,0,3,0,0,2,0,0,0,0,0,12,5,1,2,2,9,12,17,0,1,4,3,39,2,86,57,2,11,6,17,12,4,1,0,4,0,0,0,4,1,6,18,6,0,11,0,1,3,0,3,1,1,4,4,1,2,3,6,16,6,2,0,3,0,10,0,2,1,0,1,0,5
E06000049,Cheshire East,10,21,102,3,1,0,2,22,5,1,4,0,6,1,0,2,6,11,2,0,5,19,84,65,2,8,19,19,128,17,312,188,17,42,31,114,34,1,17,4,28,3,4,2,13,9,12,42,9,1,34,2,11,16,2,11,1,5,16,11,1,1,14,13,33,9,3,5,7,2,10,5,1,0,1,0,1,20
E06000050,Cheshire West and Chester,2,13,42,2,0,0,0,14,4,0,3,1,4,2,0,1,12,12,1,1,4,31,49,43,1,8,5,14,79,15,288,146,6,24,17,60,30,3,13,0,16,6,4,2,13,5,14,39,8,0,24,4,4,6,2,6,1,2,19,9,1,2,8,9,38,10,4,3,7,0,15,5,3,3,4,2,1,13
E10000006,Cumbria,24,20,118,10,2,4,2,45,14,0,15,3,6,4,0,1,17,23,7,4,8,51,83,48,1,3,23,17,116,25,261,147,16,75,37,140,41,12,36,2,32,1,1,7,37,18,25,162,13,1,47,2,9,23,2,24,2,5,30,26,0,2,5,13,56,24,7,12,14,1,17,11,3,4,1,2,2,11
E06000006,Halton,0,4,15,0,0,0,2,3,0,0,1,0,0,0,0,1,9,1,0,0,0,11,9,11,0,1,2,4,17,3,87,37,1,8,4,27,10,2,5,0,11,0,0,3,5,2,6,10,0,1,7,0,1,3,0,0,2,0,2,2,0,0,5,1,14,3,0,2,4,1,7,1,0,2,2,0,0,4
E08000011,Knowsley,1,2,7,1,1,0,0,0,1,0,1,0,2,0,0,0,4,6,0,0,2,6,9,10,2,3,3,3,29,1,86,32,0,6,2,23,7,1,4,1,3,1,1,0,1,2,8,18,1,0,8,1,2,5,0,1,0,0,5,1,1,0,3,3,23,5,0,2,4,1,10,2,4,4,2,2,0,3
E10000017,Lancashire,31,51,182,16,6,1,8,69,30,0,25,7,18,4,0,4,45,107,4,15,18,109,235,152,7,16,73,53,464,41,1371,737,61,189,119,398,127,16,40,5,69,12,7,11,75,35,94,403,42,1,118,6,23,97,12,40,8,9,76,47,4,2,45,80,238,76,11,38,30,2,98,24,10,13,6,13,5,103
E08000012,Liverpool,2,8,30,2,2,0,5,5,1,1,0,3,8,5,0,2,39,44,1,9,7,33,36,49,5,20,16,6,137,9,514,217,14,36,17,42,33,10,7,3,12,6,7,5,14,6,20,127,8,0,26,4,10,36,1,3,3,0,24,9,4,1,11,29,155,41,12,17,36,2,57,18,6,20,13,11,4,29
E08000003,Manchester,5,6,40,9,2,1,7,5,3,0,0,1,7,0,0,1,36,22,2,6,6,37,49,37,3,15,27,13,129,16,374,195,13,29,19,60,38,3,7,1,12,7,11,5,25,9,33,125,11,0,31,1,2,55,0,4,4,1,20,22,1,1,10,47,152,42,19,14,37,7,60,8,6,11,2,8,0,25
E08000004,Oldham,0,1,11,11,0,1,0,6,0,0,1,0,2,0,0,0,13,17,0,1,1,15,16,7,0,3,8,7,32,7,146,69,6,8,5,20,19,3,2,0,6,0,0,0,8,2,19,34,3,0,10,0,4,11,0,4,3,0,8,3,0,1,3,16,44,8,2,1,6,0,19,3,3,2,1,2,1,2
E08000005,Rochdale,0,3,18,2,0,1,0,5,0,0,0,0,2,0,0,0,5,9,0,0,3,17,10,11,0,3,5,3,34,3,110,65,4,16,6,19,18,3,5,2,5,0,0,1,7,4,12,48,2,0,9,0,1,10,1,1,1,1,7,6,0,0,2,8,40,11,5,2,8,3,21,1,2,2,1,1,0,15
E08000006,Salford,0,1,19,2,0,1,0,0,0,0,1,0,0,1,0,1,4,10,0,1,3,15,16,18,2,8,5,3,65,4,156,93,7,15,7,10,12,2,4,2,6,0,4,2,7,5,7,33,4,0,8,0,3,18,3,5,0,0,5,10,0,1,9,15,48,13,6,4,10,0,17,3,3,2,2,1,2,1
E08000014,Sefton,0,5,13,0,2,0,4,2,4,0,2,1,6,0,1,3,20,10,0,1,1,16,19,15,2,9,12,4,71,7,192,82,5,10,10,29,14,0,1,0,7,0,1,0,4,5,21,46,1,0,13,0,2,6,0,3,0,1,9,5,1,0,3,8,31,8,2,3,4,0,10,2,3,8,4,2,2,5
E08000013,St. Helens,1,1,15,2,0,0,0,5,1,0,3,0,0,2,0,1,5,14,0,0,1,11,23,12,0,2,12,1,44,6,117,47,3,9,10,27,9,0,3,1,6,1,3,2,6,4,7,31,0,0,14,0,0,4,0,3,0,0,4,4,2,1,1,8,31,8,0,4,5,0,8,1,1,1,2,2,0,4
E08000007,Stockport,1,4,17,0,0,0,0,7,0,0,0,0,1,0,0,1,5,10,1,1,1,11,7,15,1,1,3,7,39,6,112,49,7,12,6,18,11,1,2,1,7,2,4,0,10,2,11,41,5,0,8,0,2,18,3,5,0,2,5,10,1,0,2,11,40,11,3,6,9,0,14,8,3,0,0,1,1,6
E08000008,Tameside,0,1,14,3,0,1,0,3,1,0,1,1,1,0,0,0,6,12,1,2,1,19,16,11,0,4,10,7,32,5,119,51,2,9,8,18,11,0,3,0,3,0,3,3,8,5,9,26,5,0,9,0,2,12,1,3,1,0,7,9,0,0,2,8,36,12,4,2,4,0,11,4,0,2,2,3,0,6
E08000009,Trafford,0,1,10,0,0,0,1,1,1,0,2,1,1,0,0,0,13,8,0,0,3,14,12,15,1,2,6,4,40,3,115,45,4,10,4,16,10,0,5,1,5,1,0,0,5,7,3,31,3,0,6,0,3,13,1,1,2,0,5,11,3,1,6,7,27,7,3,5,2,0,10,2,2,2,0,0,2,7
E06000007,Warrington,4,4,39,2,3,0,0,4,3,0,2,0,1,2,0,1,7,13,0,1,1,14,31,30,2,4,7,13,36,14,201,84,8,24,10,51,24,3,7,0,8,0,3,2,7,5,12,38,5,1,9,3,3,9,0,1,1,2,7,7,1,0,6,5,25,10,5,2,5,2,10,2,2,1,1,2,1,6
E08000010,Wigan,0,0,12,1,0,1,0,3,1,0,0,1,2,0,0,0,8,3,0,0,1,15,16,9,0,4,3,5,31,4,123,52,5,11,6,19,13,4,2,1,3,2,2,3,5,3,14,49,7,1,10,0,0,8,1,2,3,2,11,8,1,0,5,7,34,9,3,3,5,1,20,2,4,2,1,0,0,4
E08000015,Wirral,0,1,11,5,0,3,0,6,0,0,3,2,2,1,0,0,11,11,0,0,1,24,16,17,7,5,7,7,58,11,224,70,4,18,15,41,21,1,3,1,16,0,1,0,8,4,14,69,4,0,11,0,2,15,1,3,1,0,16,4,0,0,0,11,64,10,6,6,13,5,25,6,6,3,1,2,1,8
E12000003,Yorkshire and The Humber,64,115,672,40,13,9,26,206,83,6,62,21,73,31,3,20,178,213,21,26,63,433,563,483,21,78,170,185,1224,164,4072,2154,115,560,313,1151,423,66,161,19,221,39,71,29,266,145,336,1231,131,7,486,27,77,333,27,124,34,30,288,168,18,15,123,215,882,209,73,94,169,29,335,70,48,82,70,52,34,291
E08000016,Barnsley,3,6,42,1,0,1,2,8,4,0,3,0,2,2,0,2,4,5,2,1,2,28,15,31,2,8,9,8,49,9,181,115,3,32,10,43,17,2,11,1,10,2,2,2,13,10,11,62,9,0,30,0,3,19,1,6,0,3,24,9,1,2,5,10,44,14,2,5,8,3,25,9,2,3,3,1,0,6
E08000032,Bradford,3,5,29,6,2,0,1,6,3,0,3,2,5,1,1,0,19,16,1,0,3,30,50,18,1,3,12,12,106,8,389,193,4,13,12,50,33,4,3,0,15,2,8,1,5,7,39,79,13,0,34,4,5,34,1,7,5,1,15,14,2,1,6,34,102,17,14,9,13,1,28,1,7,16,12,6,6,45
E08000033,Calderdale,0,4,15,2,0,0,1,8,3,1,1,0,2,1,0,0,9,7,0,1,2,16,22,7,0,0,10,7,34,5,121,58,3,13,12,38,19,1,7,0,5,0,0,2,6,5,9,19,1,0,13,0,3,4,0,6,0,0,10,6,0,1,6,13,34,5,2,4,5,1,10,1,1,6,2,1,0,18
E08000017,Doncaster,3,1,61,1,0,2,1,8,11,0,5,1,5,2,0,4,13,10,2,0,2,34,31,54,1,4,12,19,79,10,265,171,15,58,23,60,34,9,8,2,15,2,3,2,11,13,36,77,7,0,31,2,6,20,1,6,3,0,19,11,2,2,7,14,67,14,5,7,15,2,29,7,2,6,5,6,1,17
E06000011,East Riding of Yorkshire,5,11,63,0,1,1,2,12,12,0,2,0,4,5,0,2,1,16,3,2,2,32,51,50,3,1,7,10,76,15,245,137,12,54,32,139,24,2,22,1,28,2,6,3,24,11,13,153,10,1,41,3,6,6,6,11,3,3,17,9,4,0,7,1,25,11,1,3,3,2,11,2,1,2,2,3,4,26
E06000010,"Kingston upon Hull, City of",1,1,16,2,0,2,0,1,2,0,1,0,4,1,1,1,10,11,0,5,5,8,14,17,3,14,11,12,72,6,285,120,5,23,6,27,20,8,3,1,9,7,6,0,13,6,12,122,7,1,23,1,6,21,0,1,3,1,7,4,0,1,8,17,39,15,10,5,18,4,23,4,4,1,0,2,4,12
E08000034,Kirklees,2,3,21,1,1,0,0,7,0,1,1,2,3,1,0,1,7,13,2,2,6,13,25,22,0,4,7,12,61,7,218,98,6,26,22,53,25,1,4,0,10,0,1,0,14,8,10,24,3,0,18,1,5,19,0,5,0,2,9,8,2,0,5,17,53,14,2,7,11,3,14,2,4,7,3,1,0,21
E08000035,Leeds,4,8,43,4,2,1,1,15,6,1,5,2,2,0,0,0,35,33,1,4,12,48,81,40,4,4,21,19,157,25,570,300,12,43,23,90,51,5,7,1,16,5,11,0,25,14,53,91,13,1,53,1,3,63,4,3,9,3,33,23,0,1,21,40,163,28,14,12,24,0,40,9,5,17,14,9,4,45
E06000012,North East Lincolnshire,3,4,17,3,0,0,1,1,2,0,2,2,4,4,0,0,13,11,1,0,2,25,31,22,2,10,11,16,62,6,204,89,3,22,11,53,24,4,10,0,11,2,5,1,19,15,19,78,3,1,20,1,7,10,1,3,1,2,9,3,0,2,6,13,35,12,1,10,6,3,14,7,4,4,3,3,2,10
E06000013,North Lincolnshire,7,7,35,0,1,0,1,6,8,2,6,3,6,2,1,1,6,15,2,2,6,21,31,22,1,5,11,12,55,6,165,105,2,17,14,72,27,6,13,2,16,1,3,1,20,5,24,69,11,0,25,1,5,9,1,2,1,3,12,6,0,0,4,2,10,5,0,2,4,0,2,2,1,3,3,2,2,11
E10000023,North Yorkshire,17,38,148,8,1,0,5,95,26,1,19,2,13,7,0,4,13,24,5,2,4,67,118,77,0,8,29,12,221,29,493,285,19,121,74,295,57,6,46,7,35,3,8,10,70,29,27,213,21,3,98,7,18,32,10,48,3,7,59,31,2,2,16,9,53,15,4,2,5,3,28,3,5,2,5,7,4,24
E08000018,Rotherham,3,12,52,2,2,0,3,13,3,0,6,0,5,0,0,0,4,11,0,0,2,26,20,34,0,1,2,8,53,6,180,128,8,32,14,53,20,3,8,0,14,0,2,1,7,5,16,47,9,0,23,0,3,15,0,10,1,2,14,6,1,1,9,3,37,7,2,7,6,1,22,0,1,3,3,2,2,9
E08000019,Sheffield,7,5,85,6,2,2,6,16,0,0,4,3,5,3,0,2,32,28,1,5,6,50,39,47,3,9,19,19,93,15,390,190,7,58,30,81,30,8,9,4,18,3,8,4,22,8,43,111,12,0,31,5,1,57,1,12,3,2,28,20,1,1,10,25,148,41,13,11,29,3,64,16,3,5,10,7,2,27
E08000036,Wakefield,3,4,15,2,0,0,2,2,2,0,2,1,5,1,0,3,6,3,1,1,4,26,19,16,1,2,3,14,62,8,184,99,6,14,15,55,32,5,7,0,13,4,3,0,4,4,15,33,5,0,20,0,2,11,1,2,1,0,13,11,1,0,8,9,38,7,1,6,12,0,11,1,3,6,2,1,1,18
E06000014,York,3,6,30,2,1,0,0,8,1,0,2,3,8,1,0,0,6,10,0,1,5,9,16,26,0,5,6,5,44,9,182,66,10,34,15,42,10,2,3,0,6,6,5,2,13,5,9,53,7,0,26,1,4,13,0,2,1,1,19,7,2,1,5,8,34,4,2,4,10,3,14,6,5,1,3,1,2,2
E12000004,East Midlands,70,133,974,35,7,9,22,195,79,7,59,13,45,33,0,16,142,177,24,22,55,538,483,434,24,98,221,123,915,148,2933,1724,99,554,294,1056,405,62,136,11,165,32,42,45,257,139,248,1066,153,13,382,30,79,247,37,103,24,30,240,193,18,16,73,95,515,162,36,59,112,17,220,58,28,39,31,40,7,270
E06000015,Derby,2,4,35,0,0,0,2,4,0,0,1,0,1,0,0,0,7,11,1,0,2,20,14,4,1,1,5,1,18,5,126,99,4,15,2,25,19,1,5,0,8,0,0,0,5,6,7,27,2,1,14,0,3,7,0,4,1,0,14,6,1,0,1,9,31,7,0,1,6,1,18,2,0,0,0,3,1,2
E10000007,Derbyshire,11,24,140,6,1,1,3,36,9,0,11,1,8,3,0,4,5,13,9,2,2,73,46,10,1,2,15,2,74,8,340,262,10,40,19,173,54,7,15,0,26,0,1,0,29,24,15,90,14,0,21,5,5,25,4,10,4,5,32,15,2,3,12,3,38,11,0,7,8,1,17,2,4,1,0,2,0,17
E06000016,Leicester,0,1,68,4,1,1,0,12,3,1,5,0,1,2,0,1,28,29,0,5,6,66,29,41,3,23,14,10,76,21,301,164,9,46,24,39,27,5,11,1,13,9,9,4,14,8,27,145,9,2,29,3,10,42,3,3,2,2,13,20,1,0,8,17,98,25,9,12,16,3,40,10,3,10,9,8,1,33
E10000018,Leicestershire,6,23,182,4,1,2,4,25,12,1,8,2,6,9,0,4,17,19,3,2,4,80,90,90,0,10,27,20,132,17,399,242,10,87,49,181,46,8,15,1,26,5,5,8,36,24,30,158,26,4,67,5,9,22,5,12,4,3,30,24,3,0,7,11,45,17,1,5,10,2,23,5,5,4,1,2,2,30
E10000019,Lincolnshire,31,37,223,5,0,1,2,50,26,2,11,6,13,9,0,5,20,40,3,2,13,128,109,89,5,17,55,20,210,37,654,303,17,128,81,257,108,14,37,3,35,6,9,14,60,33,43,220,28,1,97,7,15,39,9,30,1,9,58,39,3,5,6,14,79,16,4,9,17,2,35,10,7,8,2,4,1,94
E10000021,Northamptonshire,3,11,74,9,1,3,3,21,5,0,6,2,5,2,0,0,13,28,3,5,6,53,54,50,3,9,30,17,90,12,272,167,23,66,45,107,35,9,15,3,14,3,4,7,31,11,28,112,18,1,39,4,10,37,4,14,4,5,23,21,1,2,7,8,63,27,5,7,11,3,26,8,1,4,3,5,1,23
E06000018,Nottingham,2,4,59,3,1,0,7,10,1,2,1,0,2,3,0,1,19,12,0,4,6,33,31,60,7,17,26,10,99,13,274,160,10,64,18,49,25,5,11,1,7,3,6,5,24,10,27,105,15,1,30,0,11,35,1,4,3,3,19,16,0,1,11,16,66,25,10,7,17,1,32,6,2,5,5,4,1,27
E10000024,Nottinghamshire,15,27,179,3,2,1,1,34,22,1,15,2,9,4,0,1,33,24,5,2,16,81,104,84,4,18,47,42,209,35,544,307,16,103,50,208,88,13,26,2,32,6,8,6,56,22,69,199,41,2,82,5,15,39,10,25,4,3,48,50,7,4,19,17,93,34,7,11,27,4,29,15,6,7,11,11,0,42
E06000017,Rutland,0,2,14,1,0,0,0,3,1,0,1,0,0,1,0,0,0,1,0,0,0,4,6,6,0,1,2,1,7,0,23,20,0,5,6,17,3,0,1,0,4,0,0,1,2,1,2,10,0,1,3,1,1,1,1,1,1,0,3,2,0,1,2,0,2,0,0,0,0,0,0,0,0,0,0,1,0,2
E12000005,West Midlands,58,109,881,30,11,7,27,395,81,1,64,17,63,22,0,29,200,287,22,48,80,731,768,661,27,96,358,158,1536,231,4225,2652,131,683,438,1514,554,69,202,27,203,63,60,50,310,115,527,1642,225,10,502,48,95,308,40,145,22,23,245,261,33,17,172,223,861,306,78,110,139,20,322,107,58,90,70,67,17,542
E08000025,Birmingham,5,2,169,10,4,0,5,26,7,0,8,3,17,3,0,2,58,87,1,16,25,186,131,79,9,23,110,37,234,44,803,383,20,101,83,142,87,11,33,4,24,14,13,12,58,21,102,335,41,0,81,5,23,99,8,21,5,3,36,72,6,3,35,88,281,93,24,30,38,6,121,38,12,27,25,14,4,203
E08000026,Coventry,1,1,32,2,1,0,1,6,1,0,4,0,1,0,0,1,10,9,0,3,4,35,16,25,1,1,14,14,65,11,187,93,6,20,8,37,20,3,2,1,5,1,3,1,10,3,16,45,7,0,19,3,1,18,0,8,0,0,8,14,0,0,8,22,56,18,6,3,7,2,18,3,6,7,4,2,2,51
E08000027,Dudley,2,2,27,0,0,0,0,6,3,0,4,2,3,0,0,0,10,7,0,1,7,31,21,12,0,3,19,3,56,11,141,68,2,21,20,42,20,3,2,4,10,3,6,1,4,3,30,49,3,0,25,0,5,8,1,3,2,0,8,10,0,0,4,11,44,15,2,8,8,0,11,6,2,1,2,1,0,43
E06000019,"Herefordshire, County of ",4,12,37,0,0,0,0,48,1,0,3,0,3,3,0,2,2,2,2,1,2,11,36,15,0,2,2,1,59,1,146,115,8,24,14,113,25,1,10,0,7,2,1,2,11,0,15,56,8,0,28,1,0,4,7,11,1,0,6,12,1,3,5,2,12,5,1,0,3,0,3,3,2,0,1,0,1,3
E08000028,Sandwell,6,5,52,0,1,1,2,2,0,0,2,0,2,0,0,0,11,12,1,2,2,38,33,23,0,6,15,6,63,8,171,89,5,32,15,34,29,4,3,2,2,1,2,4,9,8,31,69,9,0,19,4,5,23,0,6,0,1,15,10,5,1,10,17,58,22,3,6,7,1,19,5,3,8,4,3,0,63
E06000051,Shropshire,4,7,58,0,0,0,5,59,10,0,3,2,3,1,0,3,4,5,1,0,3,22,62,42,0,3,6,6,100,10,231,177,9,42,34,155,33,3,16,0,19,3,2,3,12,3,27,73,8,0,32,2,6,6,4,16,2,3,19,14,3,2,5,8,28,8,4,3,2,0,5,3,0,3,2,1,2,8
E08000029,Solihull,1,0,13,0,0,0,0,4,1,0,0,0,0,0,0,1,3,7,0,1,0,9,7,13,3,1,12,5,28,5,101,46,2,17,5,14,7,1,1,0,5,1,1,0,9,2,8,40,1,0,5,2,2,5,2,2,0,0,7,6,0,0,2,2,14,6,1,2,4,0,7,5,2,1,1,1,0,19
E10000028,Staffordshire,16,38,154,6,1,2,5,64,14,0,12,4,5,6,0,7,17,46,7,7,14,127,148,153,2,14,61,33,249,47,706,427,30,164,93,232,100,12,26,7,42,12,15,12,56,23,93,284,40,2,82,10,17,35,6,26,8,3,50,35,7,1,31,12,87,34,9,18,27,4,37,12,9,9,8,13,0,27
E06000021,Stoke-on-Trent,0,2,31,2,1,0,0,6,1,1,4,2,6,1,0,1,13,22,2,6,1,54,37,57,3,10,28,11,101,20,282,225,5,56,23,53,30,2,5,1,9,10,7,1,20,5,56,103,15,2,20,2,11,30,0,4,1,4,6,6,0,0,11,8,45,22,6,10,7,1,17,6,1,6,3,9,2,2
E06000020,Telford and Wrekin,0,5,26,0,0,0,2,13,2,0,2,0,3,1,0,2,6,4,0,1,4,10,24,24,0,7,9,0,40,2,121,81,0,17,8,57,17,1,3,0,6,2,0,1,12,1,8,48,11,1,13,2,3,1,0,0,1,0,5,7,1,1,0,3,14,7,1,1,1,0,3,1,1,2,1,1,0,6
E08000030,Walsall,2,1,46,1,1,2,0,9,3,0,5,0,2,0,0,1,18,16,3,2,4,39,30,22,2,3,18,9,43,14,157,90,2,19,19,34,28,3,6,0,3,2,2,1,10,11,21,79,10,2,22,1,4,21,0,5,0,0,3,14,2,0,9,12,53,21,3,6,7,0,24,3,3,7,4,6,0,47
E10000031,Warwickshire,13,14,123,7,1,1,2,81,20,0,10,2,11,7,0,7,15,39,3,5,6,94,142,127,2,14,38,15,294,25,663,501,22,93,71,359,84,9,62,4,40,9,6,7,58,17,56,261,45,2,89,11,10,28,8,28,0,5,40,29,3,2,29,18,78,27,4,11,14,3,25,9,10,10,6,7,4,15
E08000031,Wolverhampton,0,3,31,1,1,1,0,5,2,0,0,1,2,0,0,0,18,14,0,0,4,34,18,14,2,3,16,7,39,20,131,75,5,17,11,25,24,7,9,0,5,1,1,2,9,3,25,63,6,0,9,0,3,14,1,3,1,1,10,5,0,2,4,7,31,13,8,6,5,2,16,3,3,4,4,2,0,47
E10000034,Worcestershire,4,17,82,1,0,0,5,66,16,0,7,1,5,0,0,2,15,17,2,3,4,41,63,55,3,6,10,11,165,13,385,282,15,60,34,217,50,9,24,4,26,2,1,3,32,15,39,137,21,1,58,5,5,16,3,12,1,3,32,27,5,2,19,13,60,15,6,6,9,1,16,10,4,5,5,7,2,8
E12000006,East of England,85,171,1241,54,12,7,24,328,167,0,104,26,88,30,2,28,112,286,14,42,60,545,881,786,37,132,211,187,1447,227,4744,2446,138,927,515,1692,522,76,270,39,282,45,77,81,370,180,293,2185,225,14,624,58,94,290,59,154,25,57,328,279,27,19,171,129,637,185,45,82,155,21,217,103,59,42,40,64,32,239
E06000055,Bedford,0,1,26,2,1,0,1,2,2,0,5,1,0,1,0,1,5,6,0,1,1,14,37,16,0,4,5,3,39,10,153,69,4,23,8,34,14,5,7,1,8,0,1,4,16,4,4,35,6,0,23,2,6,9,1,2,0,2,10,11,0,0,7,8,28,8,1,1,6,0,8,6,3,2,3,1,1,1
E10000003,Cambridgeshire,16,21,135,3,1,2,2,26,20,0,10,2,11,6,0,3,10,21,3,3,3,46,90,67,2,16,26,23,169,29,479,233,18,86,77,193,57,11,35,1,18,8,9,6,31,7,17,152,25,0,59,4,12,25,5,15,1,2,31,31,2,2,13,12,45,14,2,7,12,1,15,9,0,6,5,3,6,31
E06000056,Central Bedfordshire,1,7,49,4,0,0,2,17,11,0,4,1,5,2,0,1,7,13,0,2,1,24,54,42,0,0,13,8,63,10,228,104,4,54,33,73,33,1,15,0,13,1,5,5,24,8,14,53,12,0,26,5,3,11,2,10,0,2,17,15,4,0,25,2,22,6,2,1,6,0,5,7,4,4,0,2,0,4
E10000012,Essex,16,42,251,13,2,1,2,56,36,0,23,4,17,8,0,6,21,51,4,8,9,95,153,152,7,23,36,37,335,32,1070,584,22,203,98,315,155,29,54,15,77,11,16,21,89,49,67,784,44,2,154,8,29,56,10,20,8,9,65,54,5,5,34,27,125,37,5,16,44,4,49,25,13,10,15,16,5,72
E10000015,Hertfordshire,20,20,242,17,7,1,5,60,33,0,34,5,21,6,1,6,23,59,6,7,17,135,233,195,8,23,47,60,294,60,987,557,33,220,104,416,87,7,60,13,53,8,17,13,67,28,73,319,55,5,102,13,17,74,14,35,7,16,53,51,7,6,49,33,132,38,18,23,24,3,51,18,13,10,5,13,7,40
E06000032,Luton,1,2,14,1,1,0,1,1,0,0,2,1,4,0,0,0,11,8,0,2,2,19,24,18,5,7,8,2,40,9,152,64,1,19,7,24,16,1,8,0,7,3,2,3,7,4,12,46,4,0,11,3,1,11,0,2,0,1,11,3,0,1,6,8,38,14,2,5,4,0,10,3,2,2,1,2,1,2
E10000020,Norfolk,12,35,209,5,0,1,4,86,35,0,7,6,13,2,0,4,18,63,0,9,8,99,111,111,8,26,26,15,228,35,643,312,22,119,82,313,62,9,46,3,48,5,10,13,59,28,51,293,30,3,103,6,10,29,9,32,4,17,53,46,5,4,13,12,110,27,5,10,18,4,40,13,11,2,2,14,5,5
E06000031,Peterborough,0,4,21,0,0,0,3,3,3,0,6,1,2,1,0,2,3,7,0,2,2,9,18,18,3,4,9,4,38,8,159,82,1,32,22,41,23,3,2,1,6,2,3,4,7,5,8,46,7,0,13,3,3,9,1,5,0,0,10,7,0,0,3,3,19,5,2,5,12,3,6,4,1,1,0,1,2,5
E06000033,Southend-on-Sea,0,2,25,1,0,0,0,3,1,0,2,1,2,0,0,1,5,11,0,2,3,10,15,20,0,14,5,4,38,3,148,72,4,17,9,25,15,2,0,4,7,3,2,2,4,9,10,91,7,0,10,0,1,17,2,3,0,0,12,6,0,1,3,8,29,11,2,2,11,3,7,6,3,2,4,4,1,18
E10000029,Suffolk,13,29,241,7,0,1,4,66,23,0,7,4,10,4,1,3,9,41,1,6,8,82,122,116,2,13,30,28,156,26,590,276,27,124,56,226,51,7,37,1,35,4,11,9,53,32,26,277,30,2,102,9,9,41,14,29,5,8,56,49,3,0,12,12,79,24,5,11,14,3,24,12,9,1,3,7,4,53
E06000034,Thurrock,6,8,28,1,0,1,0,8,3,0,4,0,3,0,0,1,0,6,0,0,6,12,24,31,2,2,6,3,47,5,135,93,2,30,19,32,9,1,6,0,10,0,1,1,13,6,11,89,5,2,21,5,3,8,1,1,0,0,10,6,1,0,6,4,10,1,1,1,4,0,2,0,0,2,2,1,0,8
E12000007,London,43,47,507,28,23,32,22,108,63,0,25,14,73,33,2,19,519,1247,10,218,204,642,934,2266,43,151,262,553,5688,555,12645,4581,975,1794,755,2191,336,37,202,16,189,63,71,59,352,283,772,6737,238,2,258,33,47,1194,15,38,18,11,153,152,14,12,328,822,3444,1144,559,167,271,18,2696,70,27,51,59,126,420,758
E09000002,Barking and Dagenham,0,0,0,0,0,0,0,0,0,0,0,0,2,0,0,0,11,55,0,9,1,19,0,73,0,4,0,0,117,2,260,16,7,22,5,23,7,1,3,0,2,1,0,0,3,4,15,73,1,0,4,0,0,7,0,0,0,0,2,0,0,0,0,22,56,2,4,0,1,0,35,0,0,2,0,4,2,6
E09000003,Barnet,0,5,31,2,1,1,0,2,3,0,6,1,3,1,1,0,12,40,0,10,10,30,42,105,2,7,13,22,210,27,388,161,28,113,43,92,7,4,15,0,7,1,1,6,17,19,23,312,21,0,19,4,3,46,1,0,0,0,13,13,1,1,4,36,108,35,10,7,5,1,94,7,1,1,0,5,8,23
E09000004,Bexley,2,0,6,0,0,0,0,0,3,0,0,0,1,2,0,0,3,23,1,2,2,1,33,93,0,3,2,0,69,2,240,6,6,14,34,49,3,0,9,0,3,0,1,0,8,10,45,69,6,0,2,1,0,3,0,1,0,0,2,1,0,1,3,3,39,0,8,1,3,0,48,0,1,1,0,0,3,12
E09000005,Brent,5,1,15,0,2,3,3,1,2,0,1,1,3,1,0,1,13,28,0,9,7,29,47,70,2,5,13,24,176,28,354,175,25,72,27,62,14,2,11,1,11,3,3,4,13,15,32,309,13,0,17,1,3,51,1,2,0,0,5,2,1,1,9,46,121,32,11,12,13,1,107,5,1,1,2,0,13,35
E09000006,Bromley,1,0,7,0,0,0,0,1,3,0,0,0,6,2,0,2,9,43,1,4,3,3,49,90,2,0,4,19,196,7,424,10,12,13,37,71,8,1,9,1,6,1,1,0,4,10,50,103,4,0,0,0,0,5,0,0,0,0,9,0,0,2,1,4,76,3,7,1,1,0,84,1,1,0,0,2,6,15
E09000007,Camden,4,0,28,2,0,0,2,9,2,0,0,0,1,1,0,2,16,18,1,17,8,17,33,50,1,4,11,13,135,45,346,204,24,83,38,90,13,0,6,2,5,4,1,3,14,10,27,205,4,1,10,0,1,65,1,2,1,0,3,6,0,0,16,39,150,50,35,3,12,1,119,1,1,0,5,5,24,37
E09000001,City of London,0,0,5,0,2,0,3,3,2,0,0,0,0,0,0,1,12,2,0,1,3,6,8,8,0,2,0,4,52,15,107,56,5,22,11,11,4,1,2,0,2,1,1,2,4,3,11,29,1,0,4,3,0,10,0,1,1,1,0,4,0,0,6,30,63,22,15,4,9,3,17,5,0,3,2,3,10,10
E09000008,Croydon,0,1,20,1,1,0,0,0,5,0,0,0,2,4,0,1,22,86,0,11,4,4,46,92,0,3,1,47,180,5,568,16,10,43,8,65,6,0,6,0,6,0,0,0,4,3,23,198,4,0,3,0,0,22,0,0,0,1,4,4,3,0,10,14,156,1,21,3,7,0,151,1,2,1,0,5,7,32
E09000009,Ealing,0,3,23,0,0,2,0,5,2,0,2,1,6,0,0,1,18,38,0,2,5,27,41,96,2,4,15,17,239,22,500,334,38,80,31,85,13,1,13,1,6,1,1,4,16,17,25,258,14,1,9,0,5,61,1,5,0,0,7,11,1,1,10,40,138,86,14,10,13,0,80,2,1,3,5,3,6,29
E09000010,Enfield,1,3,9,2,0,1,0,7,4,0,0,1,2,4,0,1,21,29,1,6,9,41,28,80,0,9,27,35,181,23,335,110,31,72,26,76,16,3,8,2,7,2,1,1,19,12,20,225,17,0,20,1,1,45,1,5,2,0,6,3,0,0,8,36,115,29,6,13,6,2,98,7,0,3,4,6,6,26
E09000011,Greenwich,1,0,7,0,0,0,0,0,3,0,1,0,3,0,0,0,16,35,1,5,2,2,44,87,1,4,0,20,118,5,368,6,7,21,27,59,1,0,2,0,3,0,2,1,7,10,29,118,1,0,1,2,2,10,0,0,0,1,4,1,0,0,3,7,68,1,13,7,1,0,81,1,1,2,1,3,10,20
E09000012,Hackney,1,0,24,1,0,2,1,7,1,0,1,1,3,1,0,2,15,37,0,14,8,24,21,39,3,12,13,15,161,29,379,201,33,70,30,82,11,2,11,0,6,5,6,2,13,9,23,255,10,0,8,2,2,66,0,1,0,1,2,6,0,1,20,31,120,43,15,4,22,2,85,3,0,2,1,7,26,26
E09000013,Hammersmith and Fulham,2,4,20,0,1,1,1,3,2,0,0,0,0,0,0,0,10,53,1,5,7,8,15,71,0,2,3,4,217,11,456,309,74,48,17,59,5,0,3,0,2,0,0,2,8,2,10,293,4,0,4,0,0,66,0,0,1,0,5,7,0,1,18,36,115,95,30,8,6,0,83,0,1,0,0,2,29,17
E09000014,Haringey,1,1,13,0,0,1,1,2,2,0,2,0,0,1,0,0,25,43,0,11,12,25,36,87,0,4,33,34,203,28,375,124,47,96,27,72,15,0,4,0,3,7,6,1,17,14,29,229,16,0,15,2,2,64,0,5,1,2,4,7,1,1,5,35,118,35,22,12,21,1,114,9,1,2,4,2,12,32
E09000015,Harrow,1,2,13,2,1,0,2,4,2,0,2,0,4,1,0,0,16,26,0,4,7,19,31,43,0,9,8,10,119,24,225,79,21,33,19,56,19,2,10,1,11,1,2,3,12,7,21,155,15,0,10,1,1,24,1,1,0,1,9,5,2,0,3,24,75,29,10,6,3,0,61,1,1,2,1,2,4,23
E09000016,Havering,1,0,6,0,0,1,0,3,6,0,1,0,0,1,0,1,8,52,0,7,4,31,7,80,1,5,3,2,142,7,270,55,5,26,17,62,14,2,4,1,5,2,0,0,13,3,15,86,2,0,5,0,0,9,0,0,0,0,4,2,0,0,2,17,51,2,3,0,4,0,28,1,1,2,2,6,1,11
E09000017,Hillingdon,1,0,19,2,1,1,0,4,3,0,0,2,2,1,0,1,14,27,0,5,11,27,49,54,0,4,9,10,120,16,243,148,12,49,18,76,15,2,9,2,14,1,0,3,23,8,22,261,16,0,24,4,1,27,0,1,0,0,13,5,1,0,8,16,55,14,9,4,3,1,34,2,2,1,3,2,4,23
E09000018,Hounslow,2,4,21,4,2,2,1,4,1,0,2,4,1,1,0,0,20,26,1,8,7,22,44,63,2,4,5,17,240,26,423,268,19,82,20,61,9,2,6,1,8,1,2,2,19,8,25,208,9,0,18,2,0,28,1,0,2,0,8,12,0,0,5,16,83,30,8,3,10,0,41,2,0,1,4,0,14,15
E09000019,Islington,3,3,16,0,1,2,0,4,1,0,1,0,1,1,0,0,38,16,0,5,12,31,34,54,2,2,24,39,221,26,350,101,57,65,22,75,12,1,7,0,8,5,9,1,10,4,19,226,7,0,9,1,0,52,0,1,2,0,6,5,0,1,12,22,93,18,20,5,15,0,83,1,0,3,1,3,21,27
E09000020,Kensington and Chelsea,0,0,17,1,1,0,0,4,0,0,0,0,1,1,1,0,18,28,0,4,10,15,14,50,4,2,6,9,241,21,420,256,60,38,17,51,8,0,7,0,2,2,4,2,4,2,17,236,4,0,3,2,0,44,2,0,1,3,2,8,1,0,19,21,116,85,27,3,6,0,79,1,0,0,0,4,24,25
E09000021,Kingston upon Thames,2,0,10,1,1,1,1,4,1,0,1,0,5,0,0,0,5,17,0,2,5,12,31,27,3,5,6,3,84,17,197,122,9,26,7,31,7,0,3,0,6,3,3,0,14,4,6,108,6,0,6,1,2,23,0,1,0,0,2,6,0,0,11,7,41,22,5,4,2,0,22,2,0,0,1,1,4,12
E09000022,Lambeth,1,3,9,0,1,0,2,3,0,0,0,0,2,2,0,3,30,46,0,2,10,7,41,111,4,6,4,54,285,12,723,36,28,71,20,82,6,1,3,0,2,1,0,3,9,17,38,260,3,0,3,0,5,35,0,0,1,0,2,1,0,0,9,21,167,4,29,9,9,2,168,3,2,0,2,4,20,33
E09000023,Lewisham,2,0,10,3,1,2,1,1,2,0,1,0,3,1,0,0,15,66,0,8,4,15,44,66,2,2,4,21,139,13,509,56,12,53,32,71,10,1,6,2,3,2,0,1,9,5,20,216,4,0,6,0,1,40,0,0,0,0,2,3,2,0,15,20,141,9,16,3,4,0,117,0,2,2,1,7,13,16
E09000024,Merton,1,0,12,1,0,1,1,3,1,0,0,0,3,1,0,0,12,26,0,1,5,15,17,39,1,2,6,12,132,13,262,155,9,38,15,30,7,0,3,0,10,0,0,2,10,8,14,145,9,0,6,0,3,35,1,1,2,0,4,2,0,0,5,12,59,34,10,1,6,0,42,1,1,0,1,3,8,13
E09000025,Newham,1,0,2,0,1,1,0,0,0,0,0,0,1,0,0,0,15,33,0,13,5,39,9,83,1,6,0,2,182,10,338,31,15,37,8,54,12,1,2,0,4,0,1,0,4,4,44,132,1,0,1,1,0,7,0,0,0,0,0,0,0,0,0,28,106,4,15,2,15,0,58,0,1,2,3,5,13,10
E09000026,Redbridge,2,2,34,1,1,1,0,12,4,0,1,3,2,2,0,0,5,32,0,8,2,30,18,54,2,6,16,12,105,22,317,173,17,67,39,115,15,3,6,1,11,2,1,1,6,11,22,235,10,0,9,1,3,48,1,3,0,1,5,3,0,0,10,23,69,20,5,2,3,0,57,3,0,1,2,7,13,8
E09000027,Richmond upon Thames,1,1,15,2,0,1,0,2,1,0,0,0,2,1,0,1,6,6,0,1,2,11,26,24,2,4,3,7,122,17,226,157,17,37,10,64,17,1,2,0,8,1,4,2,13,4,7,73,6,0,14,1,5,19,1,3,0,0,9,5,0,0,3,7,37,20,1,2,6,0,11,1,0,2,2,2,6,22
E09000028,Southwark,0,1,7,0,0,0,0,1,2,0,0,0,3,0,0,0,17,64,0,7,9,6,40,76,1,3,2,25,167,4,565,31,21,78,9,67,9,0,5,0,8,3,4,0,6,13,14,265,2,0,0,0,2,17,0,0,0,0,1,3,0,0,16,22,158,4,26,2,5,0,142,0,0,1,0,2,20,34
E09000029,Sutton,0,2,3,0,0,1,0,0,0,0,0,0,2,0,0,1,6,36,0,0,3,2,16,41,0,1,0,30,77,0,225,8,3,20,6,37,3,0,5,0,3,2,0,1,6,5,7,51,2,0,1,0,0,2,1,1,0,0,2,4,1,0,3,1,50,1,4,3,2,1,47,0,0,1,1,3,1,17
E09000030,Tower Hamlets,1,1,7,0,1,0,1,2,2,0,0,0,1,1,0,0,13,50,0,13,7,38,10,87,0,6,2,4,242,16,444,89,36,44,26,56,9,1,6,1,2,1,3,2,6,7,28,175,4,0,3,0,0,22,0,0,0,0,1,2,0,1,6,31,101,11,8,2,8,1,55,1,0,5,5,11,19,11
E09000031,Waltham Forest,1,1,32,0,0,3,0,8,2,0,1,0,1,1,0,0,8,10,2,12,1,37,14,52,0,7,10,10,106,28,325,180,13,67,40,95,8,3,9,0,7,2,2,6,17,11,15,216,10,0,9,2,0,50,1,2,1,0,5,4,0,1,12,34,112,33,10,1,3,1,74,0,2,3,5,6,14,16
E09000032,Wandsworth,1,3,33,0,2,4,0,7,0,0,2,0,4,0,0,0,15,89,1,2,3,24,20,110,1,6,4,3,316,11,659,444,121,71,33,95,17,1,4,0,4,3,4,4,12,2,25,473,5,0,4,0,2,108,0,1,1,0,7,8,0,0,24,57,166,161,52,11,14,0,143,0,2,3,1,7,19,26
E09000033,Westminster,4,6,33,3,2,0,2,2,1,0,0,0,3,1,0,1,55,67,0,10,16,25,26,111,4,8,15,29,394,23,824,464,153,123,36,117,16,1,3,0,4,5,8,0,12,22,51,540,7,0,11,1,3,83,1,1,2,0,5,9,0,0,52,64,321,209,90,19,33,1,238,9,2,1,0,4,40,96
E12000008,South East,161,250,1625,74,20,19,44,377,252,15,158,28,120,54,0,42,188,353,31,42,111,697,1131,986,35,130,394,251,2248,303,7112,4125,250,1260,724,2345,828,118,409,64,478,59,79,98,610,320,465,2460,306,20,778,94,154,402,75,213,40,53,486,332,62,24,235,232,1152,303,95,124,203,19,313,126,68,63,57,74,73,377
E06000036,Bracknell Forest,0,3,14,0,0,0,0,3,0,0,2,1,0,0,0,0,3,2,0,0,1,13,8,6,0,2,8,2,19,1,72,44,2,13,9,19,8,1,7,0,4,1,2,1,6,3,8,31,5,0,7,1,2,1,2,0,0,2,5,7,0,0,2,3,6,3,0,0,1,0,3,1,1,1,0,1,0,5
E06000043,Brighton and Hove,2,4,9,2,0,1,2,6,4,0,4,0,3,1,0,5,2,10,0,0,0,7,27,15,0,2,11,14,67,6,183,124,8,26,12,52,26,3,4,0,11,2,5,2,20,8,9,104,11,1,21,2,3,9,0,1,4,0,5,6,1,0,9,13,72,14,7,5,14,0,24,6,3,4,1,4,8,9
E10000002,Buckinghamshire,13,14,93,5,1,3,4,26,9,0,9,0,4,3,0,2,10,25,4,0,4,66,83,68,4,5,22,12,136,15,348,209,13,71,58,137,48,7,37,5,36,1,1,12,52,29,26,206,22,2,57,2,6,13,4,12,2,7,26,23,5,1,10,10,45,9,4,8,11,2,13,8,2,4,2,4,0,27
E10000011,East Sussex,13,10,76,3,1,0,0,15,27,0,5,2,3,3,0,1,3,15,4,2,1,16,53,24,1,1,27,12,103,16,395,249,14,54,46,138,69,7,28,4,40,4,2,3,41,18,38,182,26,1,63,8,7,8,3,2,1,1,22,13,2,2,3,19,80,21,3,11,15,3,21,7,7,4,1,6,2,18
E10000014,Hampshire,18,35,232,11,0,1,6,44,56,3,26,2,20,3,0,8,20,53,7,5,16,61,193,148,6,18,58,40,211,36,941,539,36,168,114,369,82,25,57,9,66,7,16,15,81,46,52,309,41,2,90,10,22,53,9,44,4,6,78,47,11,2,19,25,131,32,8,10,27,2,37,15,10,7,2,9,4,48
E06000046,Isle of Wight,0,3,25,1,0,0,1,7,4,0,2,0,1,0,0,0,3,11,0,1,1,9,29,13,0,1,10,6,41,4,92,51,8,22,9,46,11,1,4,3,11,0,0,0,5,4,11,52,1,0,12,0,6,7,1,2,0,0,13,2,0,0,1,5,17,5,0,3,0,0,2,1,0,0,1,0,0,4
E10000016,Kent,60,72,416,17,6,3,3,117,48,0,40,8,33,15,0,10,32,51,4,9,26,154,230,200,7,14,90,44,497,84,1414,826,56,310,168,558,184,20,71,9,91,8,10,14,99,60,117,367,62,4,138,27,38,90,25,69,5,10,119,93,23,3,70,56,265,82,23,26,33,4,66,31,18,19,15,9,5,63
E06000035,Medway,5,5,45,0,1,0,0,9,4,0,4,0,5,3,0,1,9,12,0,3,4,40,29,25,1,2,9,10,58,14,229,128,14,36,14,63,27,4,10,0,13,3,2,4,13,4,16,57,9,0,30,1,6,27,1,4,0,1,11,11,1,1,10,12,45,17,4,13,7,2,10,4,2,4,1,3,1,13
E06000042,Milton Keynes,2,5,24,6,0,2,2,5,6,0,7,1,5,1,0,0,5,18,1,0,3,15,23,39,1,14,8,8,111,9,322,188,2,41,17,54,28,7,11,1,13,1,2,6,19,11,18,116,14,0,20,5,4,8,3,1,2,3,18,8,1,2,5,9,42,13,2,1,5,1,11,4,1,2,2,2,1,20
E10000025,Oxfordshire,13,25,165,6,4,3,3,29,25,2,15,1,6,4,0,3,26,24,1,4,8,62,86,98,5,14,23,28,240,26,627,382,22,88,70,193,62,5,48,3,45,6,4,9,52,29,35,264,16,3,84,9,15,37,10,16,6,6,47,23,5,2,24,13,75,20,10,6,12,3,28,9,6,6,8,12,18,12
E06000044,Portsmouth,0,2,17,0,0,0,2,7,2,1,3,0,1,2,0,0,8,15,1,1,8,11,25,21,0,7,15,3,51,6,189,77,6,26,7,35,15,5,5,1,7,5,6,4,20,5,10,30,6,1,18,2,5,21,1,5,1,0,6,2,0,0,4,11,54,11,1,8,10,0,12,2,5,3,1,0,16,10
E06000038,Reading,0,1,19,0,0,0,0,2,0,0,1,0,2,0,0,0,3,5,0,6,5,12,12,20,2,3,2,5,38,7,133,58,5,19,3,15,8,0,2,2,5,2,1,3,8,7,8,38,1,0,14,0,1,10,2,1,2,0,8,5,0,2,4,5,24,5,2,2,5,0,5,5,0,0,3,2,1,13
E06000039,Slough,0,3,17,0,3,0,0,5,0,0,5,1,1,1,0,1,9,15,0,1,3,14,13,29,3,8,8,2,36,6,149,97,2,30,10,29,20,2,9,0,5,2,0,2,13,8,5,49,4,0,9,0,3,19,1,1,2,1,5,6,0,0,5,7,38,8,4,2,6,1,13,5,0,1,3,2,1,14
E06000045,Southampton ,3,2,33,3,0,1,0,3,2,2,0,1,2,0,0,2,14,17,0,5,6,11,25,32,1,7,12,10,57,4,216,102,12,36,9,34,22,0,5,0,11,4,6,1,12,4,12,60,6,0,12,0,0,15,0,4,2,1,12,11,2,1,3,8,59,12,8,9,11,0,8,4,3,2,1,1,5,12
E10000030,Surrey,18,35,272,10,2,4,12,55,29,3,17,7,15,11,0,4,26,47,4,4,13,146,168,164,0,8,48,27,278,37,944,498,21,194,85,283,102,11,51,4,48,3,5,7,64,37,42,205,32,2,78,7,13,45,3,20,3,6,42,37,6,2,42,11,94,30,6,8,19,0,29,8,7,2,8,10,5,42
E06000037,West Berkshire,4,4,32,1,0,0,1,9,4,0,3,0,4,0,0,1,1,5,0,0,4,11,23,14,0,0,7,4,36,2,98,52,1,33,21,44,12,3,12,5,11,1,1,4,13,5,6,46,6,0,16,4,4,2,4,5,2,1,11,4,2,0,6,3,8,2,1,1,3,0,2,1,0,1,1,3,0,17
E10000032,West Sussex,8,22,95,5,1,1,2,25,26,3,13,2,12,4,0,3,8,19,4,1,7,24,78,29,2,17,25,22,211,26,556,390,26,56,51,214,79,14,30,15,47,5,10,4,66,32,39,265,36,3,84,13,15,22,4,11,4,4,40,21,1,3,10,19,72,13,12,8,18,1,19,11,1,1,5,5,2,21
E06000040,Windsor and Maidenhead,0,2,22,3,0,0,1,7,2,0,2,1,2,2,0,1,3,4,1,0,0,16,15,23,0,4,7,1,32,1,118,68,0,23,10,30,13,2,13,1,9,2,5,4,14,6,8,43,6,1,12,0,0,11,2,12,0,3,9,9,1,0,7,2,17,6,0,3,6,0,7,4,2,1,1,1,3,14
E06000041,Wokingham,2,3,19,1,1,0,5,3,4,1,0,1,1,1,0,0,3,5,0,0,1,9,11,18,2,3,4,1,26,3,86,43,2,14,11,32,12,1,5,2,5,2,1,3,12,4,5,36,2,0,13,3,4,4,0,3,0,1,9,4,1,3,1,1,8,0,0,0,0,0,3,0,0,1,1,0,1,15
E12000009,South West,70,168,940,44,12,18,25,419,110,5,75,18,79,34,0,17,120,353,30,49,66,509,887,601,19,65,193,163,1376,191,3407,1916,143,647,344,1484,457,69,228,24,292,36,51,28,292,156,225,1287,189,7,516,43,101,241,52,197,30,42,301,198,16,16,109,117,523,152,63,85,124,16,222,65,52,34,16,44,17,298
E06000022,Bath and North East Somerset,2,2,27,1,0,0,1,6,0,0,2,0,4,0,0,0,1,2,0,0,3,10,20,14,1,1,3,3,18,3,50,34,3,9,4,25,9,1,2,0,6,0,1,1,5,2,4,22,4,0,9,2,1,7,2,6,0,1,4,7,1,2,0,5,13,3,2,6,4,2,5,2,3,2,1,0,0,5
E06000028,Bournemouth,2,0,14,1,0,0,0,3,2,0,0,3,3,0,0,0,5,7,1,1,2,11,17,12,1,5,5,7,29,5,156,54,4,11,4,16,18,4,2,1,7,4,5,0,5,1,4,28,8,0,16,1,3,15,2,4,0,0,8,10,0,1,5,13,30,8,4,4,9,1,14,4,3,2,0,2,2,7
E06000023,"Bristol, City of",0,2,45,4,1,1,0,17,4,0,7,2,7,3,0,1,14,17,0,2,15,49,37,36,4,9,18,9,101,29,283,136,23,36,18,52,30,6,4,2,12,5,6,1,13,8,17,99,17,2,29,1,3,32,0,6,2,3,19,13,3,0,9,11,68,23,14,11,14,3,30,11,2,3,4,1,2,113
E06000052,Cornwall,7,34,157,5,1,1,3,56,12,2,8,1,11,7,0,1,1,25,6,1,3,94,145,69,3,4,22,14,165,24,386,245,11,89,61,213,80,13,33,6,40,2,5,10,37,19,27,166,18,0,74,10,22,24,9,39,7,8,40,34,2,4,12,2,56,16,3,4,10,0,17,8,3,4,1,6,0,31
E10000008,Devon,14,54,191,2,1,0,6,90,26,2,20,3,21,12,0,5,17,23,4,4,7,92,214,89,1,4,18,16,186,20,494,299,14,154,84,271,74,9,52,3,54,1,3,4,65,41,40,224,41,0,121,8,15,32,6,47,4,10,47,32,4,3,20,16,87,32,7,19,17,2,38,8,17,3,0,6,3,62
E10000009,Dorset,8,9,75,1,0,0,1,21,9,0,4,4,4,3,0,0,10,14,2,3,2,20,59,32,1,2,14,10,92,8,217,131,11,46,17,104,32,5,20,1,27,3,4,1,20,14,9,48,5,1,31,3,6,10,7,11,3,3,29,10,1,0,6,7,29,13,4,3,9,0,8,3,2,2,1,2,0,10
E10000013,Gloucestershire,7,11,47,4,2,3,1,19,8,0,2,1,3,2,0,0,10,16,4,1,7,27,55,54,1,2,23,17,134,20,323,184,15,42,13,101,30,4,10,1,15,4,5,1,21,9,29,115,19,1,26,2,3,15,6,16,4,2,28,22,0,0,7,11,45,16,3,5,8,1,12,5,2,6,2,3,1,7
E06000053,Isles of Scilly,0,0,0,0,0,0,0,0,0,0,0,0,0,0,0,0,0,0,0,0,0,0,1,0,0,0,0,0,0,0,0,0,0,0,0,0,1,0,0,0,0,1,0,0,0,0,1,1,0,0,0,0,0,0,0,0,0,0,0,0,0,0,0,0,0,0,0,0,0,0,0,0,0,1,0,0,0,0
E06000024,North Somerset,2,5,36,0,1,1,2,12,3,0,2,0,1,0,0,0,5,5,0,5,1,17,20,22,0,3,4,2,25,5,73,54,3,32,10,37,9,2,6,1,7,0,0,0,9,1,5,34,7,0,14,1,3,5,4,6,1,0,14,3,0,1,2,0,12,3,1,1,3,0,3,2,1,0,0,1,0,2
E06000026,Plymouth,5,2,41,4,2,2,2,13,3,0,7,0,6,2,0,1,17,10,0,2,4,32,29,55,1,4,7,5,69,9,232,85,10,45,20,57,19,6,8,1,10,1,6,0,23,13,19,102,6,1,45,1,5,32,0,6,0,0,12,12,1,0,5,11,53,14,6,6,18,2,29,4,5,1,2,1,2,19
E06000029,Poole,1,3,7,0,0,0,1,4,1,0,1,0,2,0,0,0,5,8,0,1,2,14,13,10,2,3,9,8,36,10,110,52,1,10,7,19,12,0,1,1,13,2,2,0,8,2,5,28,3,0,7,0,1,6,1,2,2,1,2,2,0,0,5,5,11,2,2,3,3,0,2,3,3,0,1,1,2,4
E10000027,Somerset,8,14,102,8,0,3,5,55,8,0,2,0,6,1,0,3,7,26,5,5,5,42,74,50,0,2,29,20,99,13,287,163,16,56,45,134,42,4,26,2,38,4,4,4,20,14,27,71,17,0,44,3,11,21,4,23,3,7,40,24,1,0,14,11,21,4,1,11,8,4,13,8,3,0,0,7,3,24
E06000025,South Gloucestershire,1,1,27,1,1,0,0,10,2,0,3,0,1,0,0,2,3,2,0,3,3,15,16,23,1,7,3,5,24,9,99,60,7,22,14,26,12,3,6,0,4,2,1,0,4,5,11,31,7,0,14,2,2,7,3,5,0,1,14,3,0,0,4,2,14,1,1,2,3,0,4,4,2,1,0,4,1,2
E06000030,Swindon,0,6,17,2,0,5,0,6,6,0,4,1,2,1,0,1,15,55,0,12,5,22,18,28,0,10,4,10,104,8,173,109,5,18,7,68,14,2,10,0,10,1,4,2,9,4,11,68,10,0,17,1,4,14,3,2,2,0,12,6,1,0,4,7,19,5,5,2,7,0,14,0,0,5,2,2,1,1
E06000027,Torbay,2,3,29,1,1,1,1,6,3,0,2,0,1,0,0,0,5,9,0,2,4,12,17,14,1,3,5,3,21,4,94,45,4,19,8,26,12,3,3,2,10,1,2,1,7,0,2,41,4,0,13,0,3,7,1,3,2,1,10,3,0,0,5,3,25,5,5,2,5,1,14,0,2,0,0,3,0,5
E06000054,Wiltshire,11,22,125,10,2,1,2,101,23,1,11,3,7,3,0,3,5,134,8,7,3,52,152,93,2,6,29,34,273,24,430,265,16,58,32,335,63,7,45,3,39,5,3,3,46,23,14,209,23,2,56,8,19,14,4,21,0,5,22,17,2,5,11,13,40,7,5,6,6,0,19,3,4,4,2,5,0,6
W92000004,Wales,38,94,496,14,4,7,16,376,65,0,29,10,43,20,0,8,54,82,19,8,42,260,443,333,8,33,105,106,685,76,1826,1090,55,383,244,944,254,33,89,12,94,16,11,18,150,89,153,656,105,4,225,9,43,149,25,105,23,13,140,118,11,8,52,103,391,131,25,47,87,9,144,44,22,33,9,17,10,197
W06000019,Blaenau Gwent,1,0,8,1,0,0,2,2,0,0,0,0,1,1,0,0,1,0,0,0,2,9,5,5,1,0,4,1,7,0,30,13,1,9,4,14,3,0,2,0,0,0,0,2,2,2,0,9,1,0,4,0,0,1,0,2,0,0,5,1,0,0,0,1,3,2,0,1,2,0,0,1,1,1,0,1,0,4
W06000013,Bridgend,1,2,28,0,0,0,1,7,1,0,0,1,2,0,0,0,3,3,3,1,1,14,19,18,0,2,5,7,24,5,63,47,2,16,7,28,9,1,3,0,0,0,0,1,8,6,5,32,3,1,10,0,1,6,1,5,0,0,6,9,1,0,2,5,18,9,1,3,4,1,11,2,1,0,0,1,0,8
W06000018,Caerphilly,0,0,20,1,0,0,1,9,4,0,0,0,4,1,0,1,3,4,0,0,2,13,12,13,0,4,3,1,18,3,55,40,3,18,11,25,9,1,3,0,0,0,0,1,2,5,7,25,2,0,9,0,4,8,0,5,3,0,9,4,1,0,2,4,22,5,1,1,2,0,13,3,2,3,2,2,0,4
W06000015,Cardiff,4,3,13,3,1,2,1,4,4,0,1,1,3,3,0,1,15,6,0,1,1,10,20,32,0,8,7,10,80,8,258,145,9,27,7,46,23,3,1,1,11,3,2,1,11,7,16,55,7,1,14,1,1,17,0,3,0,1,14,11,1,1,5,21,76,22,6,3,17,0,24,4,3,5,1,2,5,24
W06000010,Carmarthenshire,4,10,40,0,0,1,1,69,9,0,0,0,3,2,0,0,3,6,0,0,3,14,41,16,2,0,13,5,34,4,90,63,3,28,27,111,14,4,13,3,9,1,0,0,10,6,7,36,4,1,20,1,5,8,0,3,1,1,15,5,0,1,0,3,14,6,2,3,2,0,5,3,1,1,1,1,1,17
W06000008,Ceredigion,2,3,15,1,0,0,1,47,5,0,2,0,1,0,0,0,0,2,0,0,2,7,32,9,0,0,3,4,25,3,34,24,1,12,19,53,7,3,5,2,2,0,0,0,8,5,5,13,4,0,9,0,2,5,2,3,3,1,3,4,0,0,1,1,5,2,0,0,1,0,1,0,0,0,0,0,0,9
W06000003,Conwy,2,7,33,1,0,0,1,7,0,0,2,0,2,1,0,0,1,3,1,1,1,10,27,21,0,2,5,9,36,4,79,58,5,21,6,54,6,2,3,0,7,0,2,1,9,5,6,37,7,0,14,0,3,10,2,9,2,0,8,5,0,0,8,1,14,6,1,4,3,1,7,3,2,1,0,0,0,6
W06000004,Denbighshire,0,1,16,1,0,0,0,12,1,0,0,1,2,0,0,1,2,7,0,0,2,6,17,10,0,2,7,4,33,5,70,34,5,17,10,39,9,3,5,0,4,1,0,0,7,1,5,33,3,0,9,0,4,4,2,5,1,2,3,7,2,0,1,2,15,5,3,5,3,0,6,1,0,1,0,1,0,2
W06000005,Flintshire,0,4,19,0,0,0,0,5,2,0,0,3,1,1,0,0,1,3,3,1,2,15,18,22,0,1,7,11,47,4,116,64,3,15,3,25,20,1,4,0,3,2,0,0,8,7,6,37,3,0,9,0,1,9,3,5,2,2,6,7,0,1,4,2,13,9,0,1,5,0,5,4,2,1,0,2,0,7
W06000002,Gwynedd,2,12,32,0,0,0,0,18,3,0,6,0,4,0,0,1,0,4,3,0,2,10,32,15,1,0,3,5,48,4,79,51,1,21,8,55,9,0,7,0,10,0,0,0,9,4,8,45,9,0,8,1,4,2,2,8,1,0,9,1,0,0,2,1,9,4,0,1,2,0,5,1,0,1,0,1,0,8
W06000001,Isle of Anglesey,1,3,21,0,0,0,0,10,0,0,1,0,1,0,0,0,0,1,0,0,2,3,8,4,0,0,1,5,21,6,34,16,2,9,5,21,6,1,0,0,4,1,0,2,6,1,5,17,1,0,10,0,1,2,1,4,0,1,2,1,1,0,0,0,2,4,0,0,2,1,3,1,1,0,0,1,0,4
W06000024,Merthyr Tydfil,0,0,9,1,0,0,1,0,2,0,2,0,1,1,0,0,1,2,1,0,0,4,7,9,0,0,1,0,8,0,39,23,0,2,4,11,3,0,1,0,2,0,0,0,4,2,5,19,1,0,3,1,1,2,0,0,0,0,1,1,0,0,4,1,6,2,0,1,4,0,1,0,0,1,1,1,1,5
W06000021,Monmouthshire,1,5,14,0,0,0,0,6,2,0,0,0,0,1,0,1,0,2,3,0,2,11,9,7,0,0,1,0,17,0,50,26,1,18,7,24,4,0,3,2,4,1,0,0,4,2,4,11,3,0,7,2,2,1,2,2,0,0,3,0,0,0,3,0,6,4,0,0,2,0,2,1,0,0,0,0,1,5
W06000012,Neath Port Talbot,1,2,18,2,0,0,2,5,1,0,1,1,0,1,0,2,4,1,0,0,1,11,14,13,1,2,2,1,24,3,64,40,1,7,11,41,14,1,5,0,6,0,1,1,8,3,7,22,1,0,8,0,0,4,0,3,0,0,6,5,1,0,0,5,14,7,0,2,2,0,5,2,1,3,1,1,0,11
W06000022,Newport,2,1,25,0,1,0,0,5,4,0,4,0,0,1,0,0,5,5,0,0,3,21,21,16,1,0,4,8,36,4,101,73,1,18,13,26,6,0,3,2,2,0,0,1,3,0,9,39,9,0,10,0,2,18,3,3,1,0,7,12,2,1,3,6,17,9,2,2,8,0,6,3,0,0,0,1,0,9
W06000009,Pembrokeshire,4,9,33,0,0,0,2,39,5,0,2,0,5,1,0,0,2,5,0,0,1,8,22,18,1,1,7,7,25,3,71,38,3,18,22,45,15,0,6,2,3,0,0,0,7,11,7,18,8,0,14,0,3,7,2,13,3,0,3,6,0,1,3,6,14,4,1,1,2,0,6,1,0,2,0,0,0,10
W06000023,Powys,5,12,54,0,1,2,1,103,9,0,2,1,3,2,0,0,0,3,4,0,1,22,61,19,1,1,8,7,54,5,87,58,4,42,36,130,9,1,11,0,11,1,0,2,11,8,13,46,6,1,21,2,1,3,2,11,3,2,11,14,0,0,1,2,12,4,1,0,3,0,4,2,0,0,0,0,0,9
W06000016,"Rhondda, Cynon, Taff",2,6,33,1,1,0,1,7,7,0,3,0,5,1,0,0,5,3,0,1,3,22,33,23,0,1,5,3,39,4,135,74,2,18,7,60,30,4,5,0,9,1,0,2,11,2,20,58,6,0,14,0,1,13,1,2,1,1,8,8,0,1,0,15,36,5,0,11,4,1,8,4,2,4,2,0,1,16
W06000011,Swansea,2,2,20,1,0,0,1,7,3,0,1,0,0,1,0,0,4,5,1,1,3,22,19,23,0,3,3,6,42,3,175,81,5,22,8,56,27,4,3,0,2,1,0,1,12,1,8,52,6,0,12,0,4,10,1,4,0,1,8,5,2,2,2,14,51,5,6,3,11,4,18,2,4,7,1,1,0,23
W06000020,The Vale of Glamorgan,2,1,13,0,0,0,0,2,0,0,0,0,1,0,0,0,0,2,0,0,1,8,4,16,0,1,2,3,9,4,35,33,0,17,7,15,9,1,0,0,0,0,1,1,1,3,1,9,3,0,4,0,0,1,0,4,1,0,3,5,0,0,6,2,8,3,1,1,1,0,3,2,0,1,0,1,0,3
W06000014,Torfaen,1,8,20,1,0,1,0,10,1,0,2,0,2,0,0,0,4,8,0,1,0,12,16,14,0,3,9,3,23,1,83,48,2,14,8,34,12,0,1,0,1,1,1,1,2,5,4,25,11,0,7,0,1,10,1,8,1,1,7,4,0,0,3,4,16,7,0,2,2,0,6,3,0,0,0,0,1,8
W06000006,Wrexham,1,3,12,0,0,1,0,2,2,0,0,2,2,2,0,1,0,7,0,1,7,8,6,10,0,2,5,6,35,3,78,41,1,14,14,31,10,3,5,0,4,3,4,1,7,3,5,18,7,0,9,1,2,8,0,3,0,0,3,3,0,0,2,7,20,7,0,2,5,1,5,1,2,1,0,0,0,5
S92000003,Scotland,82,130,884,37,6,2,21,238,84,7,45,9,38,19,1,15,99,173,9,23,35,237,591,319,12,40,174,45,823,93,2185,1391,78,383,262,1234,230,41,122,10,129,12,28,16,174,84,154,847,110,8,297,50,60,148,24,84,22,23,203,150,5,9,61,181,684,208,54,85,152,17,209,85,37,34,23,15,12,172
S12000033,Aberdeen City,1,3,15,1,0,0,1,5,3,0,2,2,4,0,0,0,6,5,0,2,3,15,19,8,0,1,4,6,36,5,87,51,1,8,7,40,9,7,5,0,3,1,3,1,9,2,6,34,0,0,7,0,1,10,1,1,1,1,7,2,0,0,2,11,29,10,5,5,8,2,10,4,1,2,1,1,0,8
S12000034,Aberdeenshire,4,13,96,1,0,0,1,15,9,0,3,1,2,3,0,3,3,9,0,1,2,22,58,17,0,1,9,7,51,6,88,67,3,23,27,122,22,2,14,1,7,1,2,4,17,3,11,55,4,0,26,3,5,7,3,10,2,1,19,11,0,1,3,3,16,6,1,6,5,0,5,2,1,1,3,0,1,11
S12000041,Angus,1,1,18,1,0,0,0,8,0,1,2,1,1,0,0,2,0,7,0,0,2,8,19,7,0,2,4,0,27,1,54,26,2,5,5,32,7,1,5,1,7,0,0,0,5,2,3,29,0,0,5,3,1,4,1,5,1,0,7,3,0,0,1,4,11,8,1,2,2,0,5,1,0,1,0,1,0,2
S12000035,Argyll & Bute,5,11,40,1,0,0,2,29,6,0,0,0,2,0,0,1,1,6,0,0,3,7,35,8,0,0,3,0,23,5,37,21,2,16,17,57,6,1,6,0,6,1,1,0,1,4,5,30,4,0,12,10,5,0,0,6,0,0,4,7,0,0,1,5,9,1,0,2,1,0,3,0,0,0,0,0,0,6
S12000005,Clackmannanshire,1,1,4,0,1,0,0,0,1,0,0,0,0,0,0,0,0,1,0,0,0,0,2,4,0,1,0,0,4,0,8,3,0,2,1,3,3,0,1,0,0,0,0,0,2,0,0,6,0,0,1,0,0,2,0,1,0,0,3,0,0,0,0,1,6,3,0,0,0,0,2,0,0,1,0,0,0,2
S12000013,Dumfries & Galloway,0,0,6,1,0,0,0,4,1,1,1,0,0,1,0,0,0,2,0,0,0,2,5,0,0,1,3,0,1,1,3,0,0,4,1,5,2,0,0,0,0,0,0,0,1,0,1,5,0,0,2,0,0,0,0,1,0,0,1,2,1,0,1,2,5,1,0,0,1,0,3,1,0,0,0,0,0,1
S12000006,Dundee City,7,3,26,1,0,0,0,7,5,1,2,1,1,1,0,0,0,6,1,0,2,4,28,8,0,0,7,2,43,2,75,42,0,7,5,44,9,1,5,1,4,1,0,0,8,2,2,32,3,0,9,0,0,1,1,3,1,0,7,6,0,1,1,2,5,2,0,0,0,0,2,2,1,0,0,0,1,3
S12000042,East Ayrshire,0,1,9,1,1,0,0,1,0,0,0,0,2,0,0,0,5,13,0,1,0,5,6,3,1,1,5,1,26,3,71,26,3,6,6,14,8,1,1,0,5,0,0,0,2,1,2,13,1,0,5,0,2,9,0,1,0,0,2,1,0,0,2,7,26,8,0,1,6,1,5,3,2,1,0,1,1,4
S12000008,East Dunbartonshire,1,2,26,4,0,0,1,7,3,0,0,0,1,0,0,2,1,3,0,2,0,4,20,5,0,2,6,0,16,0,41,16,2,9,10,23,5,2,2,0,3,0,1,0,7,3,3,22,3,0,6,0,1,3,2,1,0,0,4,4,0,0,1,3,20,5,1,3,5,1,2,5,2,1,0,1,1,3
S12000045,East Lothian,4,2,12,0,0,0,0,4,1,0,0,0,2,0,0,0,3,1,0,0,0,6,9,4,0,0,4,0,12,0,36,17,0,0,2,19,3,0,0,0,3,0,0,0,6,0,2,13,3,0,5,0,1,5,1,0,0,2,3,1,0,0,0,4,11,3,0,1,2,0,4,1,1,0,1,0,0,3
S12000010,East Renfrewshire,0,0,5,0,0,0,0,1,1,0,1,0,1,0,0,0,0,0,0,0,0,0,0,0,0,1,3,0,14,3,33,31,0,6,6,26,6,0,2,0,1,0,0,0,0,0,0,9,1,0,4,0,0,2,0,0,0,0,2,0,0,0,0,6,10,4,0,5,3,0,4,1,2,0,0,0,0,4
S12000011,"Edinburgh, City of",1,2,11,0,0,0,0,4,0,0,0,0,1,0,0,1,0,1,0,0,0,2,3,1,0,0,0,0,9,1,25,6,0,3,2,10,2,0,0,0,2,0,0,0,3,1,2,3,2,0,1,1,0,2,0,0,0,0,2,2,0,0,0,0,6,2,0,1,0,0,0,0,0,0,0,0,0,6
S12000036,Falkirk,3,3,17,0,1,0,0,2,1,0,2,0,3,0,0,0,6,7,0,1,3,4,5,2,0,2,12,1,89,7,229,254,12,26,6,71,13,0,2,0,9,1,0,1,4,1,19,69,4,1,7,0,1,3,0,0,2,0,8,1,0,0,4,13,59,29,8,9,8,1,26,2,4,5,2,0,3,28
S12000014,Fife,2,4,21,2,0,0,2,7,4,0,1,0,1,2,0,0,1,5,1,2,0,7,19,14,0,4,2,0,14,2,39,27,0,5,2,18,6,1,3,0,2,0,0,1,2,2,2,13,1,0,4,1,0,2,1,3,1,0,6,6,1,1,2,0,8,0,6,2,2,1,5,2,0,1,1,0,1,5
S12000015,Glasgow City,3,8,63,4,0,1,1,6,4,0,3,1,0,1,0,0,2,7,0,0,0,9,29,14,2,2,13,12,36,7,124,84,3,23,13,54,17,3,10,1,5,1,5,1,16,10,10,39,9,0,20,0,3,6,0,7,0,0,15,4,0,1,4,7,27,12,1,2,5,1,10,1,2,1,1,1,1,6
S12000046,Highland,5,5,62,11,1,0,5,15,3,0,4,0,6,0,1,0,45,41,1,5,4,42,64,69,3,5,27,2,125,15,373,161,20,57,23,85,22,4,3,2,8,4,6,3,18,15,27,146,18,0,32,3,6,35,1,8,4,4,21,23,0,2,14,44,178,43,15,12,49,3,56,21,5,10,5,7,0,23
S12000017,Inverclyde,11,14,83,3,0,0,1,30,12,1,4,0,1,2,0,1,2,7,1,2,6,16,43,16,0,3,10,6,43,4,98,54,7,34,26,107,4,0,15,0,15,1,1,0,8,10,5,49,12,3,26,18,11,7,1,13,3,3,18,14,0,1,6,2,25,8,1,1,4,0,3,5,3,2,2,1,1,7
S12000018,Midlothian,2,3,21,1,0,0,0,6,2,0,0,0,1,1,0,0,2,6,0,2,0,8,8,5,1,0,5,0,16,2,36,16,1,4,4,15,2,3,2,0,3,0,0,0,3,0,1,19,2,0,10,0,3,6,0,0,0,0,4,6,0,0,2,5,14,3,1,0,1,1,4,1,0,0,1,0,0,0
S12000019,Moray,1,4,14,0,0,0,0,0,2,1,0,0,0,0,0,0,2,1,0,0,0,3,0,2,0,1,4,1,7,1,36,37,2,2,7,25,4,3,0,0,2,0,0,0,2,0,3,6,1,0,3,0,2,1,0,0,0,0,2,0,0,0,0,2,6,4,1,0,1,0,3,0,0,0,0,0,0,2
S12000020,Na h-Eileanan an Iar (Western Isles),0,2,13,1,0,0,0,3,2,0,2,0,0,0,0,1,0,2,1,0,0,2,17,6,1,2,1,1,6,0,23,17,0,8,4,25,3,1,1,0,2,0,0,0,2,1,2,14,0,0,9,0,2,1,0,2,1,1,1,1,0,0,1,0,4,2,0,1,2,0,1,1,0,0,0,0,0,2
S12000021,North Ayrshire,1,3,36,0,0,0,0,4,0,0,1,0,3,0,0,1,1,2,1,0,0,2,18,4,0,3,6,0,16,3,33,21,0,9,4,28,3,0,2,0,2,0,1,2,3,2,2,16,1,0,10,0,1,5,1,1,0,1,10,4,1,0,0,7,15,2,2,6,4,0,2,3,3,0,1,0,0,4
S12000044,North Lanarkshire,2,8,44,0,1,0,2,12,4,0,1,2,2,2,0,0,4,15,0,0,2,17,34,32,1,4,14,1,42,6,160,95,2,24,15,45,13,0,5,0,5,0,0,0,11,8,16,63,10,1,21,0,3,18,1,6,0,2,9,11,1,1,6,16,44,8,1,8,13,5,12,9,3,3,2,0,1,10
S12000023,Orkney Islands,0,1,3,0,0,0,0,2,0,0,0,0,0,0,0,0,0,2,0,0,0,1,1,1,1,0,1,0,0,2,8,4,1,1,1,6,0,0,0,0,1,0,0,0,1,2,0,1,2,0,3,1,1,0,0,0,0,0,1,0,0,0,1,0,2,2,0,0,0,0,0,0,0,0,0,0,0,0
S12000024,Perth and Kinross,5,1,38,0,0,0,2,15,5,1,4,0,1,1,0,1,1,2,1,2,0,8,39,12,0,0,3,1,28,1,52,32,1,13,11,57,6,2,10,0,7,0,1,1,10,3,4,12,2,1,5,6,0,2,1,1,0,1,3,9,0,0,0,1,8,1,1,2,2,0,2,1,1,2,0,1,0,6
S12000038,Renfrewshire,4,8,25,1,0,1,1,7,1,0,1,0,0,0,0,0,5,5,2,0,0,10,19,16,1,1,3,0,29,1,77,35,1,14,9,31,7,3,0,0,5,0,2,1,1,4,6,18,4,1,9,1,0,1,1,0,0,2,7,4,0,0,3,9,26,12,3,5,7,0,7,3,2,0,0,0,0,3
S12000026,Scottish Borders,5,3,17,0,0,0,0,4,3,0,2,0,0,2,0,0,0,0,0,0,1,0,3,0,0,0,2,1,13,2,29,40,3,3,2,72,4,1,3,1,2,0,0,0,3,0,3,11,1,0,7,0,1,0,0,0,0,2,2,3,0,0,0,1,11,4,0,1,1,0,1,0,1,0,0,0,0,2
S12000027,Shetland Islands,0,0,2,0,0,0,0,2,1,0,0,0,0,0,0,1,0,0,0,0,1,1,2,0,0,0,1,0,1,0,5,1,0,0,2,6,5,1,2,0,0,0,0,0,1,0,0,4,1,0,0,0,0,1,0,1,0,0,0,1,0,0,0,1,1,1,0,0,1,0,2,1,1,0,0,0,0,1
S12000028,South Ayrshire,5,4,24,0,0,0,1,8,1,0,2,0,1,1,0,0,5,4,0,2,0,5,18,10,0,1,3,2,17,2,47,20,0,12,7,32,2,1,3,1,3,0,1,0,3,0,2,19,1,0,5,0,2,2,1,4,0,1,6,3,0,0,1,0,20,3,2,0,5,0,4,1,0,0,1,0,0,3
S12000029,South Lanarkshire,5,12,75,2,1,0,1,15,4,1,4,1,1,2,0,0,2,8,0,1,5,12,26,28,1,0,11,0,40,6,139,68,5,35,19,76,21,2,12,0,10,1,2,0,12,5,5,54,8,1,29,1,4,8,4,4,3,1,19,17,1,1,2,14,48,10,3,2,10,1,18,10,1,3,0,0,0,10
S12000030,Stirling,1,3,20,0,0,0,0,10,1,0,0,0,0,0,0,0,0,4,0,0,0,8,24,12,0,2,3,0,12,0,34,28,3,6,6,22,3,0,4,0,3,0,2,1,4,1,2,20,5,0,6,2,3,2,3,3,1,1,1,2,0,0,2,0,7,2,1,2,1,0,2,0,0,0,2,0,0,1
S12000039,West Dunbartonshire,1,1,11,0,0,0,0,2,0,0,2,0,0,0,0,0,1,1,0,0,1,7,15,10,0,0,2,0,12,4,31,20,3,8,7,10,5,0,1,1,0,0,0,0,7,2,3,13,3,0,1,0,0,1,0,2,1,0,4,1,0,0,1,9,16,8,0,1,1,0,3,3,1,0,0,1,0,3
S12000040,West Lothian,1,4,27,1,0,0,0,3,4,0,1,0,1,0,0,1,1,0,0,0,0,0,3,1,0,0,3,1,15,1,54,71,1,10,5,54,8,1,3,1,4,0,0,0,2,0,5,10,4,0,7,0,1,2,0,0,1,0,5,1,0,0,0,2,11,1,0,5,2,0,3,1,0,0,0,0,1,3
K03000001,Great Britain2,780,1428,9303,461,135,131,276,2931,1090,44,714,183,727,315,11,221,1979,3658,214,540,818,5309,7737,7754,273,997,2482,2053,18270,2279,50404,25736,2230,8074,4353,15249,4741,684,2046,260,2419,431,578,492,3200,1736,3730,20430,1900,94,4731,429,873,3858,398,1337,292,330,2822,2133,236,160,1537,2562,10765,3278,1166,1044,1768,210,5334,877,498,598,440,578,656,3572