LA Code,Local Authority,1993,1994,1995,1996,1997,1998,1999,2000,2001,2002,2003,2004,2005,2006,2007,2008,2009,2010,2011,2012,2013,2014,2015,2016
K03000001,Great Britain,412336,421540,429722,441123,450324,458491,466960,466168,472630,483710,486665,493948,493872,501082,505439,500566,495825,487933,488882,487052,488764,501511,509709,520880
E92000001,England,355306,363157,370167,379944,387799,395057,402518,402030,407647,416369,418481,424408,424376,429593,433021,428494,424402,417767,418866,417051,418255,429148,436281,445776
S92000003,Scotland,34938,35765,36496,37542,38347,38941,39532,39319,39829,41285,41789,42474,42520,43859,44426,44197,43932,43189,43085,43239,43511,44470,45032,46085
W92000004,Wales,22093,22618,23060,23638,24178,24493,24909,24818,25153,26056,26395,27066,26976,27629,27992,27875,27491,26977,26931,26762,26999,27894,28396,29019
E12000001,North East,16516,16815,17099,17445,17824,18080,18514,18260,18455,18786,18775,18891,18721,18852,19000,18660,18486,18195,18310,18343,18366,18777,18998,19346
E06000005,Darlington,682,695,708,734,765,780,798,777,797,823,819,809,812,817,806,794,784,771,781,784,781,801,813,810
E06000047,Durham,3111,3192,3254,3338,3472,3542,3623,3606,3627,3708,3734,3801,3792,3865,3959,3901,3864,3812,3817,3832,3843,3933,4018,4048
E06000001,Hartlepool,551,559,567,580,599,603,619,610,623,637,641,636,628,629,621,617,607,591,594,614,612,617,631,647
E06000002,Middlesbrough,1134,1149,1163,1173,1191,1203,1242,1217,1233,1241,1238,1242,1224,1211,1204,1176,1172,1143,1143,1165,1148,1186,1211,1224
E06000048,Northumberland,2139,2207,2258,2291,2322,2353,2446,2407,2461,2488,2493,2557,2550,2616,2652,2587,2555,2550,2611,2568,2597,2654,2731,2804
E06000003,Redcar and Cleveland,841,855,868,879,892,899,924,903,889,902,908,896,898,920,924,916,893,884,883,869,866,889,882,906
E06000004,Stockton-on-Tees,1288,1305,1326,1362,1383,1410,1448,1447,1457,1483,1482,1473,1441,1445,1431,1405,1425,1399,1423,1434,1406,1467,1490,1523
E11000004,Tyne and Wear ITA,6769,6853,6954,7088,7199,7289,7414,7295,7369,7505,7460,7478,7377,7349,7404,7265,7185,7045,7060,7077,7112,7229,7221,7383
E08000020,Gateshead,1680,1707,1731,1782,1816,1840,1852,1807,1814,1847,1836,1818,1782,1741,1779,1744,1746,1693,1705,1694,1703,1731,1654,1682
E08000021,Newcastle upon Tyne,1669,1689,1712,1718,1744,1762,1802,1764,1798,1818,1800,1812,1793,1763,1778,1746,1717,1696,1697,1689,1693,1713,1729,1763
E08000022,North Tyneside,1172,1180,1198,1222,1238,1253,1279,1248,1274,1298,1279,1297,1286,1272,1289,1268,1251,1238,1251,1260,1273,1303,1315,1349
E08000023,South Tyneside,687,696,706,718,727,732,745,743,749,760,763,762,748,758,748,736,731,721,721,748,760,749,763,789
E08000024,Sunderland,1561,1581,1607,1648,1675,1703,1736,1733,1734,1781,1782,1789,1768,1815,1809,1771,1739,1697,1685,1685,1683,1733,1761,1800
E12000002,North West,46518,47375,48387,49601,50678,51661,52474,52424,53214,54250,54531,55602,55247,55778,56026,55572,55407,54339,54677,54204,54335,55599,56282,57096
E06000008,Blackburn with Darwen,615,624,637,650,664,670,670,677,672,687,689,706,715,706,730,714,700,697,700,694,703,723,727,734
E06000009,Blackpool,540,544,552,558,560,565,574,568,574,581,572,575,572,550,557,556,551,539,541,537,525,536,537,548
E10000004,Cheshire,6872,7017,7183,7473,7680,7824,7948,7976,8121,8018,8208,8380,8321,8527,8528,8422,,,,,,,,
E06000049,Cheshire East,,,,,,,,,,,,,,,,,4544,4416,4436,4407,4421,4602,4609,4635
E06000050,Cheshire West and Chester,,,,,,,,,,,,,,,,,3880,3817,3849,3756,3787,3933,3973,4013
E10000006,Cumbria,4565,4690,4812,4946,5116,5189,5215,5233,5217,5361,5400,5515,5487,5563,5579,5507,5509,5413,5368,5388,5438,5576,5678,5839
E06000006,Halton,801,815,832,862,889,917,920,943,940,955,989,984,978,997,1005,988,987,960,973,984,983,1006,1017,1021
E10000017,Lancashire,9181,9357,9551,9781,9954,10181,10434,10266,10379,10670,10631,10986,10956,11109,11032,11051,11002,10892,10953,10732,10879,11122,11374,11449
E06000007,Warrington,2060,2102,2161,2220,2282,2340,2368,2409,2433,2417,2450,2426,2451,2543,2615,2630,2596,2529,2532,2498,2485,2549,2605,2744
E11000001,Greater Manchester ITA,15205,15455,15771,16143,16439,16790,17091,17008,17503,17968,18005,18381,18005,18002,18154,17880,17911,17511,17688,17634,17544,17811,17932,18137
E08000001,Bolton,1761,1790,1825,1884,1920,1976,2015,2001,2029,2076,2081,2131,2101,2085,2109,2068,2085,1967,2039,2022,2019,2076,2086,2081
E08000002,Bury,1285,1308,1335,1380,1413,1449,1497,1470,1486,1600,1589,1641,1605,1658,1675,1624,1646,1615,1617,1591,1600,1623,1616,1648
E08000003,Manchester,2468,2509,2551,2558,2590,2657,2698,2692,2700,2745,2763,2794,2720,2707,2738,2684,2666,2588,2615,2608,2588,2641,2658,2693
E08000004,Oldham,808,819,832,842,848,855,873,869,1040,1076,1072,1102,1093,1088,1096,1086,1093,1068,1055,1053,1054,1093,1109,1120
E08000005,Rochdale,1382,1407,1444,1504,1535,1584,1615,1623,1660,1688,1693,1725,1712,1704,1718,1654,1670,1651,1737,1720,1682,1652,1672,1703
E08000006,Salford,2036,2075,2129,2195,2252,2248,2297,2306,2268,2316,2324,2379,2300,2314,2352,2335,2363,2338,2311,2310,2313,2310,2344,2365
E08000007,Stockport,1583,1608,1639,1666,1689,1727,1761,1737,1847,1860,1880,1914,1844,1855,1861,1859,1842,1797,1809,1809,1808,1842,1858,1890
E08000008,Tameside,832,841,856,876,887,903,912,900,1086,1137,1139,1186,1160,1143,1163,1144,1156,1137,1149,1149,1135,1161,1170,1191
E08000009,Trafford,1431,1454,1480,1507,1534,1564,1566,1541,1518,1539,1547,1559,1496,1476,1478,1459,1448,1434,1446,1470,1461,1497,1480,1478
E08000010,Wigan,1620,1644,1681,1730,1770,1826,1857,1867,1868,1930,1918,1952,1975,1973,1964,1967,1944,1915,1909,1902,1884,1917,1938,1967
E11000002,Merseyside ITA,6679,6770,6888,6967,7095,7185,7254,7343,7375,7593,7587,7651,7763,7780,7826,7824,7727,7564,7639,7574,7569,7740,7830,7976
E08000011,Knowsley,1114,1131,1153,1128,1174,1209,1229,1255,1273,1313,1307,1328,1367,1370,1384,1380,1393,1374,1384,1382,1397,1428,1443,1480
E08000012,Liverpool,2025,2052,2080,2095,2112,2130,2154,2155,2158,2223,2229,2236,2275,2244,2261,2242,2217,2155,2152,2127,2109,2140,2158,2177
E08000013,St. Helens,1076,1096,1123,1168,1187,1198,1227,1237,1225,1247,1272,1268,1233,1304,1294,1353,1301,1277,1311,1277,1282,1337,1356,1396
E08000014,Sefton,1053,1065,1083,1094,1111,1093,1071,1121,1125,1146,1121,1147,1147,1153,1148,1144,1143,1112,1121,1140,1139,1148,1155,1171
E08000015,Wirral,1412,1427,1448,1482,1512,1554,1572,1574,1593,1664,1658,1671,1741,1710,1738,1705,1674,1645,1670,1649,1642,1687,1718,1752
E12000003,Yorkshire and the Humber,33976,34724,35472,36501,37179,37995,38507,38467,39083,40184,40421,41394,41567,42363,42816,42178,41563,40949,41081,40630,40893,42129,42885,43975
E06000011,East Riding of Yorkshire,2614,2700,2757,2848,2874,2917,3008,2967,3006,3122,3160,3259,3262,3310,3319,3332,3286,3227,3212,3180,3226,3338,3397,3471
E06000010,"Kingston upon Hull, City of",1095,1108,1120,1119,1115,1122,1156,1153,1165,1197,1200,1217,1221,1211,1226,1210,1208,1177,1176,1175,1168,1203,1197,1217
E06000012,North East Lincolnshire,837,849,863,875,889,904,907,908,918,956,960,974,974,988,985,981,971,956,961,957,949,975,994,1016
E06000013,North Lincolnshire,1264,1301,1331,1370,1407,1416,1436,1450,1475,1547,1574,1612,1619,1637,1681,1658,1628,1595,1601,1618,1638,1690,1718,1753
E10000023,North Yorkshire,6250,6445,6596,6793,6921,7066,7124,7034,7208,7469,7498,7659,7879,8230,8295,7989,7881,7811,7813,7635,7818,8014,8160,8331
E06000014,York,1013,1038,1060,1087,1100,1112,1147,1170,1185,1198,1229,1255,1246,1274,1279,1254,1240,1225,1217,1224,1226,1258,1274,1303
E11000003,South Yorkshire ITA,7931,8075,8259,8540,8695,8917,9054,9118,9314,9596,9645,9968,9958,9993,10110,9997,9877,9719,9759,9723,9747,9927,10125,10338
E08000016,Barnsley,1472,1498,1532,1581,1558,1595,1729,1740,1761,1818,1821,1902,1897,1896,1942,1892,1869,1864,1852,1831,1837,1865,1902,1921
E08000017,Doncaster,2276,2323,2380,2484,2561,2630,2632,2664,2739,2875,2892,3025,3051,3065,3099,3047,3007,2950,2959,3015,3029,3134,3215,3304
E08000018,Rotherham,1892,1928,1978,2063,2121,2187,2129,2146,2193,2232,2241,2313,2318,2334,2341,2372,2332,2280,2305,2273,2287,2291,2357,2400
E08000019,Sheffield,2290,2327,2370,2411,2456,2505,2564,2568,2622,2671,2691,2728,2692,2698,2728,2687,2669,2625,2643,2604,2595,2637,2651,2714
E11000006,West Yorkshire ITA,12971,13208,13486,13869,14180,14541,14674,14666,14811,15101,15155,15449,15408,15721,15920,15757,15472,15239,15342,15118,15121,15723,16020,16547
E08000032,Bradford,2137,2169,2200,2241,2275,2318,2328,2315,2338,2400,2402,2405,2417,2461,2490,2469,2440,2401,2394,2373,2355,2421,2450,2474
E08000033,Calderdale,1285,1308,1337,1382,1408,1438,1450,1450,1462,1490,1479,1510,1510,1515,1548,1532,1523,1488,1486,1452,1454,1522,1531,1562
E08000034,Kirklees,2185,2223,2274,2341,2390,2452,2501,2512,2537,2569,2516,2603,2618,2655,2699,2664,2620,2595,2596,2547,2547,2702,2703,2789
E08000035,Leeds,5225,5329,5444,5573,5712,5890,5873,5893,5945,6104,6181,6316,6243,6297,6371,6325,6161,6082,6112,6048,6040,6250,6438,6731
E08000036,Wakefield,2138,2179,2231,2331,2394,2443,2522,2496,2530,2537,2577,2615,2620,2793,2813,2766,2728,2672,2754,2699,2725,2826,2897,2991
E12000004,East Midlands,32658,33421,34116,35195,35978,36703,37645,37477,38162,39320,40125,40886,40917,41587,42050,41573,41169,40853,40775,40843,41053,41967,42689,43618
E06000015,Derby,1538,1555,1572,1587,1587,1590,1609,1584,1599,1642,1652,1682,1675,1667,1689,1732,1716,1674,1689,1692,1663,1712,1728,1752
E10000007,Derbyshire,6079,6239,6378,6631,6783,6946,6994,6834,7041,7133,7320,7460,7533,7623,7702,7726,7644,7557,7561,7616,7569,7639,7767,8002
E06000016,Leicester,1262,1283,1302,1316,1302,1315,1338,1373,1379,1401,1421,1431,1403,1431,1444,1434,1421,1388,1401,1402,1390,1428,1428,1470
E10000018,Leicestershire,5566,5694,5832,6094,6398,6598,6813,6761,6913,7141,7174,7326,7360,7407,7437,7339,7280,7240,7219,7141,7317,7523,7541,7742
E10000019,Lincolnshire,4487,4628,4725,4849,4941,5020,5158,5199,5264,5463,5547,5652,5760,5880,5996,5910,5841,5832,5830,5791,5843,5968,6103,6239
E10000021,Northamptonshire,6421,6558,6701,6918,7037,7213,7496,7536,7707,8042,8346,8489,8337,8475,8539,8377,8301,8241,8116,8215,8269,8453,8641,8799
E06000018,Nottingham,1411,1433,1452,1465,1474,1495,1512,1505,1507,1532,1539,1550,1552,1558,1553,1539,1542,1506,1508,1502,1480,1498,1501,1525
E10000024,Nottinghamshire,5422,5545,5655,5813,5926,5988,6185,6130,6222,6400,6559,6736,6736,6967,7107,6917,6832,6817,6845,6895,6932,7142,7326,7412
E06000017,Rutland,471,487,498,523,529,537,540,554,530,564,567,560,560,579,583,598,593,599,607,588,590,603,654,678
E12000005,West Midlands,40543,41407,42269,43385,44310,45150,45739,45637,46013,47148,47103,47913,48145,48696,49205,48764,48179,47406,47828,47748,47652,48964,49617,50695
E06000019,"Herefordshire, County of",1479,1524,1553,1593,1623,1644,1673,1647,1666,1735,1753,1789,1798,1809,1828,1811,1792,1773,1767,1749,1750,1817,1840,1865
E06000051,Shropshire,2440,2516,2569,2621,2686,2728,2773,2744,2813,2885,2910,2942,2950,3008,2987,3000,2970,2930,2927,2911,2947,3017,3066,3148
E10000028,Staffordshire,7269,7491,7695,7891,8025,8137,8277,8254,8347,8506,8604,8867,9112,9232,9371,9345,9151,8948,9084,9099,9038,9305,9428,9639
E06000021,Stoke-on-Trent,1182,1196,1213,1225,1223,1237,1229,1237,1337,1366,1372,1376,1359,1359,1359,1382,1399,1362,1382,1374,1377,1403,1419,1418
E06000020,Telford and Wrekin,1115,1136,1153,1178,1211,1237,1258,1262,1273,1313,1302,1315,1328,1304,1315,1331,1303,1273,1312,1298,1299,1321,1337,1384
E10000031,Warwickshire,6859,7015,7189,7545,7833,8055,8025,8079,8195,8270,8235,8560,8563,8803,8901,8975,8803,8756,8733,8867,8887,9019,9301,9488
E10000034,Worcestershire,5366,5483,5602,5867,6055,6192,6371,6394,6322,6579,6420,6508,6509,6732,6813,6677,6619,6515,6535,6307,6421,6598,6705,6820
E11000005,West Midlands ITA,14833,15048,15296,15467,15654,15921,16133,16020,16061,16493,16507,16556,16526,16449,16631,16243,16143,15849,16087,16143,15934,16484,16521,16934
E08000025,Birmingham,5608,5685,5775,5753,5841,5912,5949,5902,5889,5996,6009,5975,5946,5927,6019,5818,5791,5690,5786,5828,5706,5871,5855,5960
E08000026,Coventry,1604,1626,1644,1667,1682,1716,1750,1742,1756,1811,1804,1825,1826,1821,1830,1789,1802,1789,1801,1797,1761,1848,1865,1955
E08000027,Dudley,1557,1577,1602,1634,1654,1682,1712,1684,1707,1749,1773,1762,1755,1746,1766,1738,1717,1640,1656,1652,1653,1702,1714,1743
E08000028,Sandwell,1758,1786,1821,1869,1867,1895,1917,1931,1927,1980,1989,2018,2015,2018,2023,1990,1984,1938,1955,1986,1968,2053,2041,2093
E08000029,Solihull,1867,1901,1939,1995,2044,2101,2132,2108,2110,2248,2201,2250,2217,2191,2269,2248,2216,2195,2260,2253,2224,2302,2369,2439
E08000030,Walsall,1322,1339,1366,1388,1408,1439,1467,1472,1493,1499,1510,1507,1550,1539,1508,1459,1444,1434,1464,1464,1469,1527,1491,1522
E08000031,Wolverhampton,1118,1133,1149,1159,1158,1176,1205,1182,1179,1210,1221,1218,1217,1209,1216,1201,1189,1164,1165,1163,1154,1180,1186,1222
E12000006,East of England,45445,46607,47574,48867,50006,50751,51752,51575,52420,53497,53798,54804,54686,55444,56281,55846,55471,54250,54729,54800,55369,57143,58514,60027
E10000001,Bedfordshire,3325,3396,3466,3581,3651,3750,3810,3783,3814,3932,4023,4137,4142,4092,4090,4154,,,,,,,,
E06000055,Bedford,,,,,,,,,,,,,,,,,1264,1160,1150,1187,1209,1271,1310,1348
E06000056,Central Bedfordshire,,,,,,,,,,,,,,,,,2934,2850,2850,2914,3045,3112,3224,3290
E10000003,Cambridgeshire,5672,5821,5938,6162,6377,6477,6624,6633,6744,6820,6919,7056,7049,7096,7305,7337,7197,7103,7154,7086,7197,7412,7652,7878
E10000012,Essex,11284,11569,11801,12123,12383,12549,12822,12755,12962,13087,13162,13434,13376,13602,14075,13909,13948,13482,13653,13662,13720,14259,14553,14972
E10000015,Hertfordshire,9619,9888,10145,10451,10686,10834,10949,10765,11004,11252,11201,11417,11296,11634,11727,11410,11362,11045,11366,11509,11587,11967,12226,12489
E06000032,Luton,709,718,729,742,753,772,784,769,778,816,821,826,813,790,849,832,831,801,813,789,799,819,837,860
E10000020,Norfolk,6656,6844,6960,7085,7181,7288,7411,7469,7595,7818,7864,7972,8097,8181,8168,8227,8122,8000,7954,7906,7961,8156,8291,8454
E06000031,Peterborough,1450,1476,1499,1526,1570,1586,1661,1635,1654,1699,1723,1764,1747,1771,1777,1759,1749,1746,1731,1700,1739,1802,1851,1903
E06000033,Southend-on-Sea,594,601,609,612,614,622,643,647,649,671,667,664,664,662,667,660,662,656,654,655,658,671,667,686
E10000029,Suffolk,4888,5017,5121,5249,5422,5477,5587,5589,5672,5792,5862,5939,5911,6011,5973,5889,5765,5801,5793,5788,5846,6026,6228,6420
E06000034,Thurrock,1249,1275,1305,1337,1370,1397,1461,1530,1548,1611,1553,1595,1590,1604,1649,1669,1635,1606,1613,1604,1606,1650,1675,1726
E12000007,London,30712,31138,31161,31461,31695,31897,32694,32425,32258,32139,31946,31595,31376,31492,31157,30273,30071,29701,29105,28897,28819,29333,29231,29691
E09000002,Barking and Dagenham,552,558,552,551,547,544,574,562,560,558,557,551,595,624,611,568,599,586,584,557,581,600,599,615
E09000003,Barnet,1548,1578,1577,1606,1633,1630,1668,1634,1645,1640,1653,1622,1634,1660,1641,1688,1639,1673,1587,1630,1648,1666,1657,1646
E09000004,Bexley,870,882,876,903,914,922,936,965,981,970,983,1004,997,979,968,951,950,929,902,900,886,910,917,941
E09000005,Brent,909,921,913,937,933,957,979,980,965,984,984,977,973,964,942,872,857,903,873,872,846,875,854,895
E09000006,Bromley,1264,1265,1263,1284,1296,1312,1326,1326,1346,1335,1340,1333,1315,1308,1282,1253,1236,1206,1200,1194,1197,1215,1217,1229
E09000007,Camden,619,624,627,623,625,628,635,612,605,595,593,574,510,512,512,495,498,478,466,445,443,450,450,451
E09000001,City of London,200,203,204,209,213,217,216,211,204,195,193,198,193,196,192,177,169,166,162,157,156,160,160,154
E09000008,Croydon,1321,1339,1331,1339,1342,1353,1377,1349,1350,1338,1333,1311,1284,1280,1278,1212,1187,1156,1153,1147,1152,1166,1162,1185
E09000009,Ealing,1265,1279,1264,1286,1285,1288,1381,1381,1376,1372,1374,1343,1325,1321,1255,1244,1240,1217,1215,1172,1245,1215,1224,1224
E09000010,Enfield,1436,1472,1483,1515,1545,1547,1556,1579,1522,1535,1586,1559,1538,1601,1597,1543,1553,1582,1479,1561,1512,1577,1640,1676
E09000011,Greenwich,1081,1098,1093,1089,1102,1113,1143,1125,1128,1141,1151,1172,1159,1144,1133,1090,1082,1064,1079,1046,1037,1051,1056,1057
E09000012,Hackney,527,533,538,541,532,525,540,556,555,561,551,533,523,543,540,527,514,507,482,471,457,464,465,468
E09000013,Hammersmith and Fulham,579,579,587,595,580,582,585,590,600,602,599,600,579,594,591,562,567,554,531,500,513,506,506,513
E09000014,Haringey,618,623,626,627,627,627,637,625,619,615,619,601,601,603,602,572,554,544,539,532,530,538,538,541
E09000015,Harrow,592,602,600,606,609,621,636,627,628,653,639,636,627,620,608,597,581,565,569,579,569,573,568,574
E09000016,Havering,1360,1392,1407,1433,1450,1464,1532,1515,1507,1527,1434,1429,1465,1539,1502,1486,1521,1473,1480,1474,1510,1545,1545,1595
E09000017,Hillingdon,2051,2093,2107,2143,2197,2267,2306,2286,2238,2258,2215,2194,2170,2159,2127,2135,2164,2076,2036,2093,2129,2183,2122,2181
E09000018,Hounslow,1591,1622,1620,1652,1677,1697,1733,1687,1662,1657,1641,1647,1591,1616,1550,1535,1533,1491,1499,1500,1506,1525,1498,1524
E09000019,Islington,485,489,493,483,486,483,494,483,479,475,475,454,446,451,449,437,427,416,409,400,391,396,392,395
E09000020,Kensington and Chelsea,570,578,585,588,592,591,599,588,584,580,569,563,558,569,546,530,528,525,520,494,487,503,495,497
E09000021,Kingston upon Thames,983,996,986,1003,1001,1013,1025,1024,1002,986,988,982,971,940,949,925,925,978,901,898,890,889,888,913
E09000022,Lambeth,909,917,924,932,929,924,950,928,924,907,887,855,835,832,832,807,781,756,746,718,704,716,715,733
E09000023,Lewisham,850,859,864,869,870,874,890,884,883,879,873,848,835,831,830,809,793,775,772,753,734,744,747,766
E09000024,Merton,655,664,660,671,669,673,683,681,683,672,657,653,645,639,637,621,609,599,584,581,576,575,570,578
E09000025,Newham,857,863,868,874,894,886,927,908,893,877,882,901,931,960,970,951,975,944,904,886,834,889,905,914
E09000026,Redbridge,943,959,953,948,958,959,1030,1037,1053,1034,1021,1008,1061,1085,1079,1024,1028,1033,1106,1089,1084,1102,1089,1119
E09000027,Richmond upon Thames,884,895,887,894,898,904,922,905,902,899,892,880,860,847,845,816,798,778,766,781,772,778,776,790
E09000028,Southwark,850,859,867,864,870,868,893,874,877,867,849,827,820,819,832,794,784,762,751,715,698,708,696,695
E09000029,Sutton,697,706,704,703,709,715,735,720,722,721,715,702,700,687,692,640,639,615,612,609,605,615,614,635
E09000030,Tower Hamlets,895,901,906,901,916,911,927,954,947,953,964,948,936,970,980,944,943,950,904,864,863,857,836,848
E09000031,Waltham Forest,709,720,713,718,712,707,737,747,771,750,763,723,749,741,727,696,692,704,651,663,684,747,719,735
E09000032,Wandsworth,990,997,1002,1006,1020,1017,1039,1015,1016,993,974,954,935,837,891,863,828,836,795,787,763,751,756,751
E09000033,Westminster,1056,1075,1078,1069,1061,1078,1083,1067,1033,1009,992,1013,1016,1019,965,910,880,863,846,829,817,846,856,853
E12000008,South East,70545,72235,73805,76166,78046,79893,81521,81845,83091,84640,84668,85465,85034,85713,86281,85034,84120,82906,83303,82979,82842,84961,87037,88958
E06000036,Bracknell Forest,657,670,682,688,699,702,716,709,720,733,732,730,728,725,728,716,709,695,691,689,677,692,703,712
E06000043,Brighton and Hove,1205,1224,1240,1266,1304,1322,1342,1345,1365,1395,1396,1395,1405,1406,1408,1376,1356,1329,1329,1339,1328,1352,1355,1383
E10000002,Buckinghamshire,5082,5198,5321,5549,5682,5803,6025,6183,6194,6219,6186,6137,6077,6205,6289,6247,6122,6113,6001,6101,6152,6347,6504,6735
E10000011,East Sussex,3633,3703,3750,3846,3936,4008,4063,4013,4084,4139,4240,4284,4272,4288,4331,4274,4208,4135,4125,4100,4102,4235,4307,4410
E10000014,Hampshire,12161,12414,12651,13046,13369,13617,13981,14045,14358,14755,14778,14966,14924,15111,15185,14957,14755,14675,14689,14565,14577,15013,15390,15750
E06000046,Isle of Wight,550,566,578,586,595,597,600,608,616,639,649,653,645,662,657,635,623,618,621,615,614,627,637,645
E10000016,Kent,11382,11693,11983,12467,12796,13089,13392,13403,13682,14051,14156,14327,14299,14376,14521,14315,14243,14070,14344,14307,14171,14478,14892,15216
E06000035,Medway,1047,1068,1089,1110,1126,1129,1150,1255,1270,1305,1306,1335,1332,1371,1372,1370,1358,1359,1362,1344,1373,1406,1419,1450
E06000042,Milton Keynes,1992,2026,2061,2116,2140,2202,2296,2331,2389,2393,2388,2375,2365,2365,2383,2362,2402,2329,2309,2384,2429,2477,2508,2593
E10000025,Oxfordshire,6059,6215,6350,6590,6781,6935,7080,7110,7143,7378,7236,7396,7340,7435,7523,7469,7327,7228,7207,7119,7178,7391,7612,7769
E06000044,Portsmouth,1135,1153,1176,1157,1170,1195,1208,1202,1214,1246,1252,1273,1251,1260,1247,1207,1217,1215,1218,1237,1222,1226,1248,1280
E06000038,Reading,606,614,625,634,642,648,656,655,659,674,671,660,554,537,539,534,532,520,525,521,520,523,532,541
E06000039,Slough,732,755,779,812,835,852,877,904,864,870,868,875,863,860,898,884,888,831,859,870,860,861,873,884
E06000045,Southampton,1016,1028,1045,1058,1064,1076,1101,1107,1111,1148,1145,1150,1144,1137,1140,1093,1073,1054,1071,1071,1060,1079,1085,1110
E10000030,Surrey,11664,11990,12298,12759,13092,13568,13621,13476,13756,13860,13817,13945,13802,13885,13893,13774,13647,13362,13508,13469,13466,13833,14142,14319
E06000037,West Berkshire,2286,2348,2415,2520,2610,2717,2739,2789,2856,2921,2888,2893,2964,2993,3025,3002,2954,2931,2923,2820,2839,2923,3076,3113
E10000032,West Sussex,6299,6434,6538,6734,6882,7054,7238,7253,7320,7343,7428,7525,7520,7525,7481,7255,7167,7036,7051,6955,6883,7055,7220,7454
E06000040,Windsor and Maidenhead,1552,1602,1648,1710,1765,1789,1806,1814,1829,1871,1850,1872,1880,1871,1924,1870,1857,1796,1817,1804,1776,1819,1847,1884
E06000041,Wokingham,1487,1533,1576,1516,1559,1589,1629,1642,1662,1699,1681,1675,1669,1701,1737,1694,1682,1609,1652,1670,1615,1623,1686,1711
E12000009,South West,38393,39435,40283,41322,42083,42926,43673,43921,44950,46404,47113,47858,48682,49668,50203,50594,49935,49168,49057,48608,48926,50275,51027,52369
E06000022,Bath and North East Somerset,983,1000,1013,1033,1042,1047,1067,1071,1086,1112,1127,1139,1142,1173,1189,1189,1153,1120,1134,1129,1130,1165,1182,1200
E06000028,Bournemouth,732,744,755,764,766,780,803,804,803,815,828,816,831,832,859,848,835,806,793,809,807,820,818,840
E06000023,"Bristol, City of",1970,1996,2029,2039,2057,2087,2097,2115,2143,2204,2199,2233,2242,2261,2325,2312,2292,2228,2257,2253,2248,2309,2317,2373
E06000052,Cornwall,3514,3627,3701,3775,3896,3952,3953,4002,4134,4318,4467,4526,4584,4691,4669,4832,4789,4759,4747,4611,4621,4686,4763,4904
E10000008,Devon,6011,6192,6331,6510,6681,6812,6831,6891,7065,7315,7369,7576,7734,7803,7784,7940,7902,7818,7763,7682,7788,7969,8063,8319
E10000009,Dorset,3111,3197,3255,3304,3310,3384,3498,3493,3576,3708,3763,3779,3859,3956,3994,3943,3902,3812,3763,3699,3756,3856,3917,4008
E10000013,Gloucestershire,4658,4815,4941,5127,5234,5307,5509,5575,5673,5786,5905,6019,6110,6265,6321,6464,6384,6188,6185,6136,6188,6434,6550,6615
E06000053,Isles of Scilly,2,2,2,2,2,3,3,3,3,3,3,3,2,2,2,2,2,2,2,2,2,2,2,2
E06000024,North Somerset,1692,1727,1765,1821,1828,1882,1994,1979,2081,2108,2156,2217,2238,2232,2326,2369,2309,2252,2237,2269,2283,2329,2339,2522
E06000026,Plymouth,1165,1182,1201,1233,1233,1237,1267,1276,1278,1356,1386,1399,1413,1454,1454,1444,1424,1388,1402,1402,1382,1413,1415,1443
E06000029,Poole,730,742,752,757,764,771,797,795,805,824,828,833,861,845,860,857,844,829,829,832,818,838,842,859
E10000027,Somerset,4761,4917,5028,5142,5219,5326,5429,5428,5609,5773,5846,5969,6044,6284,6361,6428,6303,6249,6202,6176,6217,6275,6413,6609
E06000025,South Gloucestershire,2738,2799,2870,2974,3055,3146,3214,3296,3379,3522,3539,3623,3702,3790,3853,3837,3786,3739,3747,3668,3727,3873,3985,4076
E06000030,Swindon,1373,1408,1441,1482,1512,1574,1610,1636,1631,1698,1723,1741,1821,1841,1865,1887,1865,1878,1888,1872,1875,2002,2030,2088
E06000027,Torbay,551,561,572,590,598,607,619,608,619,659,661,668,657,686,694,681,678,664,671,673,668,682,684,697
E06000054,Wiltshire,4402,4525,4626,4768,4885,5010,4980,4950,5065,5202,5314,5318,5441,5554,5647,5559,5467,5435,5437,5394,5416,5621,5707,5815
S92000003,Scotland,34938,35765,36496,37542,38347,38941,39532,39319,39829,41285,41789,42474,42520,43859,44426,44197,43932,43189,43085,43239,43511,44470,45032,46085
S12000033,Aberdeen City,1160,1177,1200,1242,1260,1272,1289,1305,1293,1318,1338,1354,1343,1412,1378,1364,1314,1293,1281,1287,1285,1314,1322,1344
S12000034,Aberdeenshire,2237,2318,2362,2424,2473,2498,2521,2447,2470,2615,2668,2665,2677,2807,2813,2791,2738,2691,2657,2659,2700,2809,2857,2926
S12000041,Angus,823,848,866,891,909,919,934,944,915,972,977,990,990,1069,1060,1079,1068,1067,1057,1057,1073,1109,1110,1130
S12000035,Argyll and Bute,719,743,761,783,798,799,809,790,796,859,866,874,899,906,905,899,895,878,874,861,873,897,921,946
S12000005,Clackmannanshire,243,247,250,255,259,263,271,270,273,276,275,278,281,290,296,298,313,309,311,306,297,307,311,318
S12000006,Dumfries and Galloway,1561,1609,1654,1714,1758,1787,1801,1803,1817,1916,1898,1916,1939,1948,2018,2017,1993,1969,1958,1922,1950,2013,2067,2105
S12000042,Dundee City,761,768,777,786,789,798,809,813,813,844,843,858,861,877,898,893,876,858,856,862,849,852,854,869
S12000008,East Ayrshire,779,796,808,831,849,861,884,905,931,958,978,993,947,1060,1055,1047,1045,1028,1021,1007,1009,1047,1054,1051
S12000009,East Dunbartonshire,471,477,483,491,496,503,511,510,513,528,532,536,533,540,552,543,542,530,529,524,520,536,539,551
S12000010,East Lothian,653,668,679,700,717,725,745,751,765,783,804,830,852,885,914,876,857,850,847,827,830,860,870,903
S12000011,East Renfrewshire,508,515,523,534,542,551,560,585,590,606,608,620,609,713,741,745,742,723,750,736,740,760,781,802
S12000036,Edinburgh,2476,2513,2561,2625,2676,2727,2770,2742,2801,2871,2899,2943,2944,2957,3012,2924,2943,2850,2866,2844,2854,2909,2975,3053
S12000013,Eilean Siar (formerly Western Isles),156,162,166,170,173,175,173,173,176,178,184,185,174,206,207,203,203,200,200,200,204,211,216,245
S12000014,Falkirk,1114,1134,1158,1195,1227,1257,1299,1304,1326,1370,1380,1430,1426,1481,1514,1507,1494,1468,1477,1509,1514,1541,1579,1636
S12000015,Fife,2267,2328,2365,2428,2479,2513,2523,2502,2554,2693,2724,2788,2752,2837,2893,2871,2874,2826,2816,2777,2801,2873,2891,2955
S12000043,Glasgow City,2676,2718,2779,2866,2935,3019,3076,3063,3104,3196,3201,3287,3304,3344,3392,3412,3373,3312,3323,3473,3519,3547,3520,3609
S12000017,Highland,2036,2094,2144,2210,2256,2264,2303,2269,2324,2433,2461,2462,2475,2540,2579,2579,2604,2565,2559,2531,2567,2618,2696,2764
S12000018,Inverclyde,463,471,478,486,491,497,506,507,516,513,517,531,527,536,542,537,529,515,511,505,503,517,519,528
S12000019,Midlothian,520,533,541,554,564,571,596,597,603,606,613,619,622,635,644,644,656,646,647,638,635,659,663,680
S12000020,Moray,571,589,602,619,632,638,647,640,655,697,699,709,715,720,737,732,722,706,700,703,707,729,741,757
S12000021,North Ayrshire,634,644,654,671,682,688,681,681,671,696,706,730,717,778,788,788,778,765,762,740,736,758,767,780
S12000044,North Lanarkshire,2491,2539,2583,2647,2697,2747,2784,2808,2834,2890,2898,2955,2951,2969,3036,3045,3009,2985,2943,3219,3205,3100,3047,3094
S12000023,Orkney Islands,109,113,115,118,120,121,123,122,123,128,126,126,127,134,136,135,135,133,131,129,131,137,140,145
S12000024,Perth and Kinross,1860,1923,1976,2044,2105,2134,2122,2074,2146,2228,2216,2260,2265,2332,2343,2294,2282,2234,2246,2204,2241,2316,2357,2435
S12000038,Renfrewshire,1174,1194,1220,1261,1293,1326,1344,1287,1313,1343,1389,1421,1450,1476,1485,1500,1470,1445,1449,1435,1450,1501,1536,1566
S12000026,Scottish Borders,967,999,1021,1047,1066,1076,1092,1080,1075,1128,1150,1162,1164,1198,1208,1192,1194,1176,1175,1160,1169,1205,1236,1263
S12000027,Shetland Islands,154,160,164,168,171,173,177,177,179,189,193,193,197,204,205,205,201,200,200,198,202,208,213,220
S12000028,South Ayrshire,773,793,809,829,844,853,870,864,890,936,963,967,957,976,988,981,977,973,968,945,940,966,980,997
S12000029,South Lanarkshire,1825,1880,1927,1988,2047,2083,2137,2083,2106,2192,2286,2336,2327,2445,2455,2460,2483,2435,2427,2467,2480,2546,2565,2622
S12000030,Stirling,944,966,986,1017,1044,1060,1079,1092,1111,1128,1157,1166,1183,1245,1270,1258,1242,1221,1204,1181,1179,1219,1245,1291
S12000039,West Dunbartonshire,521,528,537,550,559,567,575,579,583,598,601,606,618,632,626,627,643,630,633,636,635,652,662,670
S12000040,West Lothian,1293,1321,1351,1398,1437,1480,1520,1551,1562,1599,1639,1680,1694,1704,1734,1752,1737,1706,1706,1698,1715,1752,1797,1828
W92000004,Wales,22093,22618,23060,23638,24178,24493,24909,24818,25153,26056,26395,27066,26976,27629,27992,27875,27491,26977,26931,26762,26999,27894,28396,29019
W06000019,Blaenau Gwent,328,332,337,341,347,349,351,352,356,362,361,379,391,388,397,402,404,392,397,395,396,400,425,436
W06000013,Bridgend,964,983,1003,1043,1073,1093,1137,1133,1160,1211,1202,1257,1240,1278,1326,1287,1279,1256,1252,1260,1270,1332,1351,1383
W06000018,Caerphilly,942,957,971,986,1007,1024,1038,1047,1046,1081,1085,1119,1111,1128,1140,1135,1126,1103,1106,1104,1098,1139,1158,1175
W06000015,Cardiff,2453,2496,2540,2597,2660,2734,2786,2732,2813,2880,2925,3018,2875,2915,2941,2896,2827,2749,2768,2789,2773,2890,2927,2991
W06000010,Carmarthenshire,1460,1504,1537,1590,1648,1663,1643,1635,1621,1713,1734,1746,1775,1894,1939,1934,1892,1861,1838,1830,1885,1952,1976,2001
W06000008,Ceredigion,599,618,629,650,664,657,663,647,657,683,706,709,702,708,728,712,710,702,695,684,700,726,732,764
W06000003,Conwy,892,920,941,972,990,985,987,975,990,1055,1073,1094,1074,1123,1132,1137,1133,1128,1091,1085,1099,1134,1143,1195
W06000004,Denbighshire,694,715,731,744,755,762,789,760,772,787,818,844,849,880,879,893,885,875,858,841,862,881,881,906
W06000005,Flintshire,1374,1401,1424,1447,1479,1463,1534,1528,1529,1578,1615,1624,1621,1689,1699,1698,1671,1617,1591,1584,1592,1625,1666,1721
W06000002,Gwynedd,1029,1064,1089,1122,1145,1149,1116,1125,1139,1178,1210,1222,1251,1297,1277,1284,1270,1259,1248,1225,1247,1277,1311,1324
W06000001,Isle of Anglesey,426,440,449,460,469,481,482,495,560,559,578,591,591,605,611,613,606,600,595,589,591,609,617,621
W06000024,Merthyr Tydfil,306,311,316,328,335,338,335,338,336,355,354,367,380,391,404,402,405,403,404,404,404,403,416,426
W06000021,Monmouthshire,1041,1076,1102,1136,1169,1188,1226,1221,1225,1262,1243,1320,1327,1316,1359,1377,1361,1333,1339,1314,1329,1393,1411,1438
W06000012,Neath Port Talbot,955,981,1006,1039,1068,1068,1101,1105,1142,1172,1204,1254,1274,1299,1375,1342,1316,1268,1296,1288,1295,1327,1380,1393
W06000022,Newport,1421,1450,1485,1547,1619,1659,1684,1673,1712,1760,1786,1839,1802,1815,1806,1820,1779,1747,1787,1762,1767,1861,1904,1945
W06000009,Pembrokeshire,841,867,884,907,913,916,945,970,961,994,1012,1017,1037,1072,1075,1089,1078,1061,1053,1038,1057,1093,1101,1121
W06000023,Powys,1192,1231,1255,1286,1309,1317,1329,1323,1318,1390,1421,1432,1441,1487,1489,1476,1468,1462,1453,1432,1459,1506,1540,1584
W06000016,"Rhondda, Cynon, Taff",1670,1696,1727,1742,1778,1819,1854,1844,1874,1943,1922,1989,1996,2035,2073,2064,2048,2006,2025,2033,2048,2094,2135,2174
W06000011,Swansea,1350,1374,1397,1410,1432,1464,1511,1509,1534,1609,1628,1667,1674,1703,1726,1692,1658,1627,1632,1617,1625,1661,1680,1711
W06000014,The Vale of Glamorgan,892,911,926,948,963,978,991,993,980,1007,1015,1056,1046,1043,1063,1055,1029,1002,982,988,997,1024,1043,1064
W06000020,Torfaen,495,503,509,516,516,534,542,547,557,571,589,592,593,617,612,628,622,604,603,593,581,609,618,635
W06000006,Wrexham,768,789,804,828,841,852,865,866,872,907,914,931,929,946,940,939,926,921,919,909,923,956,981,1012